id,season,gameType,gameDate,startTimeUTC,gameState,awayTeam.abbrev,awayTeam.score,homeTeam.abbrev,homeTeam.score,gameOutcome.lastPeriodType
2025020001,20252026,2,2025-10-07,2025-10-07T21:00:00Z,OFF,CHI,2,FLA,3,REG
2025020002,20252026,2,2025-10-07,2025-10-08T00:00:00Z,OFF,PIT,3,NYR,0,REG
2025020003,20252026,2,2025-10-07,2025-10-08T02:30:00Z,OFF,COL,4,LAK,1,REG
2025020004,20252026,2,2025-10-08,2025-10-08T23:00:00Z,OFF,MTL,2,TOR,5,REG
2025020005,20252026,2,2025-10-08,2025-10-08T23:30:00Z,OFF,BOS,3,WSH,1,REG
2025020006,20252026,2,2025-10-08,2025-10-09T02:00:00Z,OFF,CGY,4,EDM,3,SO
2025020007,20252026,2,2025-10-08,2025-10-09T02:00:00Z,OFF,LAK,6,VGK,5,SO
2025020008,20252026,2,2025-10-09,2025-10-09T23:00:00Z,OFF,CHI,3,BOS,4,OT
2025020009,20252026,2,2025-10-09,2025-10-09T23:00:00Z,OFF,NYR,4,BUF,0,REG
2025020010,20252026,2,2025-10-09,2025-10-09T23:00:00Z,OFF,MTL,5,DET,1,REG
2025020011,20252026,2,2025-10-09,2025-10-09T23:00:00Z,OFF,OTT,5,TBL,4,REG
2025020012,20252026,2,2025-10-09,2025-10-09T23:00:00Z,OFF,PHI,1,FLA,2,REG
2025020013,20252026,2,2025-10-09,2025-10-09T23:00:00Z,OFF,NYI,3,PIT,4,REG
2025020014,20252026,2,2025-10-09,2025-10-09T23:30:00Z,OFF,NJD,3,CAR,6,REG
2025020015,20252026,2,2025-10-09,2025-10-10T00:00:00Z,OFF,MIN,5,STL,0,REG
2025020016,20252026,2,2025-10-09,2025-10-10T00:00:00Z,OFF,CBJ,1,NSH,2,REG
2025020017,20252026,2,2025-10-09,2025-10-10T00:00:00Z,OFF,DAL,5,WPG,4,REG
2025020018,20252026,2,2025-10-09,2025-10-10T01:00:00Z,OFF,UTA,1,COL,2,REG
2025020019,20252026,2,2025-10-09,2025-10-10T02:00:00Z,OFF,CGY,1,VAN,5,REG
2025020020,20252026,2,2025-10-09,2025-10-10T02:00:00Z,OFF,VGK,4,SJS,3,OT
2025020021,20252026,2,2025-10-09,2025-10-10T02:00:00Z,OFF,ANA,1,SEA,3,REG
2025020022,20252026,2,2025-10-11,2025-10-11T17:30:00Z,OFF,LAK,2,WPG,3,REG
2025020023,20252026,2,2025-10-11,2025-10-11T20:00:00Z,OFF,STL,4,CGY,2,REG
2025020024,20252026,2,2025-10-11,2025-10-11T23:00:00Z,OFF,BUF,1,BOS,3,REG
2025020025,20252026,2,2025-10-11,2025-10-11T23:00:00Z,OFF,TOR,3,DET,6,REG
2025020026,20252026,2,2025-10-11,2025-10-11T23:00:00Z,OFF,NJD,5,TBL,3,REG
2025020027,20252026,2,2025-10-11,2025-10-11T23:00:00Z,OFF,OTT,2,FLA,6,REG
2025020028,20252026,2,2025-10-11,2025-10-11T23:00:00Z,OFF,WSH,4,NYI,2,REG
2025020029,20252026,2,2025-10-11,2025-10-11T23:00:00Z,OFF,NYR,6,PIT,1,REG
2025020030,20252026,2,2025-10-11,2025-10-11T23:00:00Z,OFF,PHI,3,CAR,4,OT
2025020031,20252026,2,2025-10-11,2025-10-11T23:00:00Z,OFF,MTL,3,CHI,2,REG
2025020032,20252026,2,2025-10-11,2025-10-12T00:00:00Z,OFF,UTA,3,NSH,2,OT
2025020033,20252026,2,2025-10-11,2025-10-12T00:00:00Z,OFF,CBJ,7,MIN,4,REG
2025020034,20252026,2,2025-10-11,2025-10-12T01:00:00Z,OFF,DAL,5,COL,4,SO
2025020035,20252026,2,2025-10-11,2025-10-12T02:00:00Z,OFF,VAN,1,EDM,3,REG
2025020036,20252026,2,2025-10-11,2025-10-12T02:00:00Z,OFF,ANA,7,SJS,6,OT
2025020037,20252026,2,2025-10-11,2025-10-12T02:00:00Z,OFF,VGK,1,SEA,2,OT
2025020038,20252026,2,2025-10-12,2025-10-12T23:00:00Z,OFF,WSH,1,NYR,0,REG
2025020039,20252026,2,2025-10-13,2025-10-13T16:30:00Z,OFF,COL,3,BUF,1,REG
2025020040,20252026,2,2025-10-13,2025-10-13T17:00:00Z,OFF,TBL,4,BOS,3,REG
2025020041,20252026,2,2025-10-13,2025-10-13T17:00:00Z,OFF,NSH,4,OTT,1,REG
2025020042,20252026,2,2025-10-13,2025-10-13T17:00:00Z,OFF,WPG,5,NYI,2,REG
2025020043,20252026,2,2025-10-13,2025-10-13T18:00:00Z,OFF,DET,3,TOR,2,REG
2025020044,20252026,2,2025-10-13,2025-10-13T23:00:00Z,OFF,FLA,2,PHI,5,REG
2025020045,20252026,2,2025-10-13,2025-10-13T23:00:00Z,OFF,NJD,3,CBJ,2,REG
2025020046,20252026,2,2025-10-13,2025-10-13T23:30:00Z,OFF,STL,5,VAN,2,REG
2025020047,20252026,2,2025-10-13,2025-10-14T00:00:00Z,OFF,LAK,3,MIN,4,SO
2025020048,20252026,2,2025-10-13,2025-10-14T00:30:00Z,OFF,UTA,1,CHI,3,REG
2025020049,20252026,2,2025-10-14,2025-10-14T23:00:00Z,OFF,NSH,4,TOR,7,REG
2025020050,20252026,2,2025-10-14,2025-10-14T23:00:00Z,OFF,SEA,4,MTL,5,OT
2025020051,20252026,2,2025-10-14,2025-10-14T23:00:00Z,OFF,EDM,2,NYR,0,REG
2025020052,20252026,2,2025-10-14,2025-10-14T23:00:00Z,OFF,TBL,2,WSH,3,OT
2025020053,20252026,2,2025-10-14,2025-10-15T01:00:00Z,OFF,VGK,4,CGY,2,REG
2025020054,20252026,2,2025-10-14,2025-10-15T01:30:00Z,OFF,MIN,2,DAL,5,REG
2025020055,20252026,2,2025-10-14,2025-10-15T02:00:00Z,OFF,CAR,5,SJS,1,REG
2025020056,20252026,2,2025-10-14,2025-10-15T02:30:00Z,OFF,PIT,3,ANA,4,REG
2025020057,20252026,2,2025-10-15,2025-10-15T23:00:00Z,OFF,OTT,4,BUF,8,REG
2025020058,20252026,2,2025-10-15,2025-10-15T23:00:00Z,OFF,FLA,1,DET,4,REG
2025020059,20252026,2,2025-10-15,2025-10-16T01:30:00Z,OFF,CHI,8,STL,3,REG
2025020060,20252026,2,2025-10-15,2025-10-16T01:30:00Z,OFF,CGY,1,UTA,3,REG
2025020061,20252026,2,2025-10-16,2025-10-16T23:00:00Z,OFF,NYR,1,TOR,2,OT
2025020062,20252026,2,2025-10-16,2025-10-16T23:00:00Z,OFF,NSH,2,MTL,3,OT
2025020063,20252026,2,2025-10-16,2025-10-16T23:00:00Z,OFF,SEA,3,OTT,4,SO
2025020064,20252026,2,2025-10-16,2025-10-16T23:00:00Z,OFF,FLA,1,NJD,3,REG
2025020065,20252026,2,2025-10-16,2025-10-16T23:30:00Z,OFF,EDM,2,NYI,4,REG
2025020066,20252026,2,2025-10-16,2025-10-16T23:00:00Z,OFF,WPG,5,PHI,2,REG
2025020067,20252026,2,2025-10-16,2025-10-16T23:00:00Z,OFF,COL,4,CBJ,1,REG
2025020068,20252026,2,2025-10-16,2025-10-17T00:00:00Z,OFF,VAN,5,DAL,3,REG
2025020069,20252026,2,2025-10-16,2025-10-17T02:00:00Z,OFF,BOS,5,VGK,6,REG
2025020070,20252026,2,2025-10-16,2025-10-17T02:00:00Z,OFF,CAR,4,ANA,1,REG
2025020071,20252026,2,2025-10-16,2025-10-17T02:00:00Z,OFF,PIT,4,LAK,2,REG
2025020072,20252026,2,2025-10-17,2025-10-17T23:00:00Z,OFF,TBL,1,DET,2,OT
2025020073,20252026,2,2025-10-17,2025-10-17T23:00:00Z,OFF,MIN,1,WSH,5,REG
2025020074,20252026,2,2025-10-17,2025-10-18T00:30:00Z,OFF,VAN,3,CHI,2,SO
2025020075,20252026,2,2025-10-17,2025-10-18T01:00:00Z,OFF,SJS,3,UTA,6,REG
2025020076,20252026,2,2025-10-18,2025-10-18T17:00:00Z,OFF,FLA,0,BUF,3,REG
2025020077,20252026,2,2025-10-18,2025-10-18T19:00:00Z,OFF,NYI,5,OTT,4,REG
2025020078,20252026,2,2025-10-18,2025-10-18T19:30:00Z,OFF,EDM,3,NJD,5,REG
2025020079,20252026,2,2025-10-18,2025-10-18T23:00:00Z,OFF,SEA,4,TOR,3,OT
2025020080,20252026,2,2025-10-18,2025-10-18T23:00:00Z,OFF,NYR,4,MTL,3,REG
2025020081,20252026,2,2025-10-18,2025-10-18T23:00:00Z,OFF,MIN,1,PHI,2,OT
2025020082,20252026,2,2025-10-18,2025-10-18T23:00:00Z,OFF,TBL,2,CBJ,3,REG
2025020083,20252026,2,2025-10-18,2025-10-18T23:00:00Z,OFF,DAL,1,STL,3,REG
2025020084,20252026,2,2025-10-18,2025-10-18T23:00:00Z,OFF,NSH,1,WPG,4,REG
2025020085,20252026,2,2025-10-18,2025-10-19T01:00:00Z,OFF,BOS,1,COL,4,REG
2025020086,20252026,2,2025-10-18,2025-10-19T01:00:00Z,OFF,CAR,4,LAK,3,OT
2025020087,20252026,2,2025-10-18,2025-10-19T02:00:00Z,OFF,CGY,1,VGK,6,REG
2025020088,20252026,2,2025-10-18,2025-10-19T02:00:00Z,OFF,PIT,3,SJS,0,REG
2025020089,20252026,2,2025-10-19,2025-10-19T16:30:00Z,OFF,VAN,4,WSH,3,REG
2025020090,20252026,2,2025-10-19,2025-10-19T19:00:00Z,OFF,EDM,2,DET,4,REG
2025020091,20252026,2,2025-10-19,2025-10-19T23:00:00Z,OFF,ANA,1,CHI,2,OT
2025020092,20252026,2,2025-10-19,2025-10-19T23:00:00Z,OFF,BOS,2,UTA,3,REG
2025020093,20252026,2,2025-10-20,2025-10-20T23:00:00Z,OFF,MIN,3,NYR,1,REG
2025020094,20252026,2,2025-10-20,2025-10-20T23:00:00Z,OFF,SEA,2,PHI,5,REG
2025020095,20252026,2,2025-10-20,2025-10-20T23:30:00Z,OFF,BUF,2,MTL,4,REG
2025020096,20252026,2,2025-10-20,2025-10-21T01:30:00Z,OFF,WPG,2,CGY,1,REG
2025020097,20252026,2,2025-10-20,2025-10-21T02:00:00Z,OFF,CAR,1,VGK,4,REG
2025020098,20252026,2,2025-10-21,2025-10-21T23:00:00Z,OFF,NJD,5,TOR,2,REG
2025020099,20252026,2,2025-10-21,2025-10-21T23:00:00Z,OFF,EDM,3,OTT,2,OT
2025020100,20252026,2,2025-10-21,2025-10-21T23:00:00Z,OFF,SJS,3,NYI,4,REG
2025020101,20252026,2,2025-10-21,2025-10-21T23:00:00Z,OFF,VAN,1,PIT,5,REG
2025020102,20252026,2,2025-10-21,2025-10-21T23:00:00Z,OFF,SEA,1,WSH,4,REG
2025020103,20252026,2,2025-10-21,2025-10-21T23:30:00Z,OFF,FLA,4,BOS,3,REG
2025020104,20252026,2,2025-10-21,2025-10-22T00:00:00Z,OFF,LAK,2,STL,1,OT
2025020105,20252026,2,2025-10-21,2025-10-22T00:00:00Z,OFF,ANA,5,NSH,2,REG
2025020106,20252026,2,2025-10-21,2025-10-22T00:00:00Z,OFF,CBJ,5,DAL,1,REG
2025020107,20252026,2,2025-10-21,2025-10-22T02:00:00Z,OFF,COL,3,UTA,4,OT
2025020108,20252026,2,2025-10-22,2025-10-22T23:00:00Z,OFF,MIN,1,NJD,4,REG
2025020109,20252026,2,2025-10-22,2025-10-22T23:30:00Z,OFF,DET,2,BUF,4,REG
2025020110,20252026,2,2025-10-22,2025-10-23T00:30:00Z,OFF,MTL,2,CGY,1,OT
2025020111,20252026,2,2025-10-23,2025-10-23T23:00:00Z,OFF,ANA,7,BOS,5,REG
2025020112,20252026,2,2025-10-23,2025-10-23T23:00:00Z,OFF,PHI,1,OTT,2,REG
2025020113,20252026,2,2025-10-23,2025-10-23T22:45:00Z,OFF,CHI,3,TBL,2,REG
2025020114,20252026,2,2025-10-23,2025-10-23T23:00:00Z,OFF,PIT,5,FLA,3,REG
2025020115,20252026,2,2025-10-23,2025-10-23T23:00:00Z,OFF,DET,2,NYI,7,REG
2025020116,20252026,2,2025-10-23,2025-10-23T23:00:00Z,OFF,SJS,6,NYR,5,OT
2025020117,20252026,2,2025-10-23,2025-10-24T00:00:00Z,OFF,UTA,7,STL,4,REG
2025020118,20252026,2,2025-10-23,2025-10-24T00:00:00Z,OFF,VAN,1,NSH,2,REG
2025020119,20252026,2,2025-10-23,2025-10-24T01:00:00Z,OFF,LAK,3,DAL,2,OT
2025020120,20252026,2,2025-10-23,2025-10-24T00:00:00Z,OFF,SEA,3,WPG,0,REG
2025020121,20252026,2,2025-10-23,2025-10-24T01:00:00Z,OFF,CAR,5,COL,4,SO
2025020122,20252026,2,2025-10-23,2025-10-24T01:00:00Z,OFF,MTL,5,EDM,6,REG
2025020123,20252026,2,2025-10-24,2025-10-24T23:00:00Z,OFF,TOR,3,BUF,5,REG
2025020124,20252026,2,2025-10-24,2025-10-24T23:00:00Z,OFF,SJS,1,NJD,3,REG
2025020125,20252026,2,2025-10-24,2025-10-24T23:00:00Z,OFF,WSH,5,CBJ,1,REG
2025020126,20252026,2,2025-10-24,2025-10-25T00:00:00Z,OFF,CGY,3,WPG,5,REG
2025020127,20252026,2,2025-10-25,2025-10-25T16:30:00Z,OFF,NYI,3,PHI,4,SO
2025020128,20252026,2,2025-10-25,2025-10-25T19:00:00Z,OFF,COL,2,BOS,3,REG
2025020129,20252026,2,2025-10-25,2025-10-25T21:00:00Z,OFF,ANA,3,TBL,4,REG
2025020130,20252026,2,2025-10-25,2025-10-25T22:00:00Z,OFF,VGK,0,FLA,3,REG
2025020131,20252026,2,2025-10-25,2025-10-25T22:00:00Z,OFF,UTA,6,MIN,2,REG
2025020132,20252026,2,2025-10-25,2025-10-25T21:00:00Z,OFF,BUF,3,TOR,4,OT
2025020133,20252026,2,2025-10-25,2025-10-25T23:00:00Z,OFF,STL,4,DET,6,REG
2025020134,20252026,2,2025-10-25,2025-10-25T23:00:00Z,OFF,CBJ,5,PIT,4,SO
2025020135,20252026,2,2025-10-25,2025-10-25T23:00:00Z,OFF,OTT,7,WSH,1,REG
2025020136,20252026,2,2025-10-25,2025-10-25T23:00:00Z,OFF,MTL,4,VAN,3,REG
2025020137,20252026,2,2025-10-25,2025-10-26T00:00:00Z,OFF,LAK,4,NSH,5,SO
2025020138,20252026,2,2025-10-25,2025-10-26T00:00:00Z,OFF,CAR,2,DAL,3,REG
2025020139,20252026,2,2025-10-25,2025-10-26T02:00:00Z,OFF,EDM,2,SEA,3,REG
2025020140,20252026,2,2025-10-26,2025-10-26T17:00:00Z,OFF,COL,3,NJD,4,OT
2025020141,20252026,2,2025-10-26,2025-10-26T21:00:00Z,OFF,VGK,1,TBL,2,OT
2025020142,20252026,2,2025-10-26,2025-10-26T22:00:00Z,OFF,SJS,6,MIN,5,OT
2025020143,20252026,2,2025-10-26,2025-10-26T22:00:00Z,OFF,UTA,3,WPG,2,REG
2025020144,20252026,2,2025-10-26,2025-10-26T23:00:00Z,OFF,LAK,3,CHI,1,REG
2025020145,20252026,2,2025-10-26,2025-10-26T23:00:00Z,OFF,DAL,3,NSH,2,REG
2025020146,20252026,2,2025-10-26,2025-10-27T00:00:00Z,OFF,NYR,1,CGY,5,REG
2025020147,20252026,2,2025-10-26,2025-10-27T02:00:00Z,OFF,EDM,3,VAN,4,OT
2025020148,20252026,2,2025-10-27,2025-10-27T23:00:00Z,OFF,STL,3,PIT,6,REG
2025020149,20252026,2,2025-10-27,2025-10-27T23:30:00Z,OFF,BOS,2,OTT,7,REG
2025020150,20252026,2,2025-10-28,2025-10-28T22:00:00Z,OFF,PIT,2,PHI,3,SO
2025020151,20252026,2,2025-10-28,2025-10-28T22:00:00Z,OFF,CGY,3,TOR,4,REG
2025020152,20252026,2,2025-10-28,2025-10-28T22:45:00Z,OFF,CBJ,4,BUF,3,OT
2025020153,20252026,2,2025-10-28,2025-10-28T23:00:00Z,OFF,ANA,3,FLA,2,SO
2025020154,20252026,2,2025-10-28,2025-10-28T23:15:00Z,OFF,NYI,2,BOS,5,REG
2025020155,20252026,2,2025-10-28,2025-10-28T22:30:00Z,OFF,VGK,6,CAR,3,REG
2025020156,20252026,2,2025-10-28,2025-10-28T23:45:00Z,OFF,TBL,5,NSH,2,REG
2025020157,20252026,2,2025-10-28,2025-10-29T00:00:00Z,OFF,WPG,4,MIN,3,OT
2025020158,20252026,2,2025-10-28,2025-10-29T00:15:00Z,OFF,DET,5,STL,2,REG
2025020159,20252026,2,2025-10-28,2025-10-29T00:30:00Z,OFF,WSH,0,DAL,1,REG
2025020160,20252026,2,2025-10-28,2025-10-29T00:45:00Z,OFF,OTT,3,CHI,7,REG
2025020161,20252026,2,2025-10-28,2025-10-29T01:00:00Z,OFF,NJD,4,COL,8,REG
2025020162,20252026,2,2025-10-28,2025-10-29T01:30:00Z,OFF,UTA,3,EDM,6,REG
2025020163,20252026,2,2025-10-28,2025-10-29T02:00:00Z,OFF,NYR,2,VAN,0,REG
2025020164,20252026,2,2025-10-28,2025-10-29T02:30:00Z,OFF,MTL,4,SEA,3,OT
2025020165,20252026,2,2025-10-28,2025-10-29T03:00:00Z,OFF,LAK,4,SJS,3,REG
2025020166,20252026,2,2025-10-29,2025-10-29T23:30:00Z,OFF,TOR,3,CBJ,6,REG
2025020167,20252026,2,2025-10-30,2025-10-30T23:00:00Z,OFF,BUF,3,BOS,4,OT
2025020168,20252026,2,2025-10-30,2025-10-30T23:00:00Z,OFF,CGY,3,OTT,4,SO
2025020169,20252026,2,2025-10-30,2025-10-30T23:00:00Z,OFF,DAL,1,TBL,2,OT
2025020170,20252026,2,2025-10-30,2025-10-30T23:00:00Z,OFF,NSH,1,PHI,4,REG
2025020171,20252026,2,2025-10-30,2025-10-30T23:30:00Z,OFF,NYI,2,CAR,6,REG
2025020172,20252026,2,2025-10-30,2025-10-31T00:00:00Z,OFF,VAN,4,STL,3,SO
2025020173,20252026,2,2025-10-30,2025-10-31T00:00:00Z,OFF,PIT,4,MIN,1,REG
2025020174,20252026,2,2025-10-30,2025-10-31T00:00:00Z,OFF,CHI,3,WPG,6,REG
2025020175,20252026,2,2025-10-30,2025-10-31T01:00:00Z,OFF,NYR,4,EDM,3,OT
2025020176,20252026,2,2025-10-30,2025-10-31T02:00:00Z,OFF,NJD,2,SJS,5,REG
2025020177,20252026,2,2025-10-30,2025-10-31T02:30:00Z,OFF,DET,4,LAK,3,SO
2025020178,20252026,2,2025-10-31,2025-10-31T20:00:00Z,OFF,COL,4,VGK,2,REG
2025020179,20252026,2,2025-10-31,2025-10-31T23:00:00Z,OFF,NYI,3,WSH,1,REG
2025020180,20252026,2,2025-10-31,2025-11-01T02:00:00Z,OFF,DET,2,ANA,5,REG
2025020181,20252026,2,2025-11-01,2025-11-01T17:00:00Z,OFF,CAR,1,BOS,2,REG
2025020182,20252026,2,2025-11-01,2025-11-01T19:00:00Z,OFF,PIT,2,WPG,5,REG
2025020183,20252026,2,2025-11-01,2025-11-01T19:30:00Z,OFF,CGY,2,NSH,4,REG
2025020184,20252026,2,2025-11-01,2025-11-01T20:00:00Z,OFF,COL,2,SJS,3,OT
2025020185,20252026,2,2025-11-01,2025-11-01T22:00:00Z,OFF,DAL,3,FLA,4,SO
2025020186,20252026,2,2025-11-01,2025-11-01T23:00:00Z,OFF,WSH,3,BUF,4,SO
2025020187,20252026,2,2025-11-01,2025-11-01T23:00:00Z,OFF,OTT,3,MTL,4,OT
2025020188,20252026,2,2025-11-01,2025-11-01T23:00:00Z,OFF,TOR,5,PHI,2,REG
2025020189,20252026,2,2025-11-01,2025-11-01T23:00:00Z,OFF,STL,2,CBJ,3,REG
2025020190,20252026,2,2025-11-01,2025-11-01T23:00:00Z,OFF,VAN,2,MIN,5,REG
2025020191,20252026,2,2025-11-01,2025-11-02T01:00:00Z,OFF,NJD,4,LAK,1,REG
2025020192,20252026,2,2025-11-01,2025-11-02T02:00:00Z,OFF,CHI,2,EDM,3,OT
2025020193,20252026,2,2025-11-01,2025-11-02T02:00:00Z,OFF,NYR,3,SEA,2,OT
2025020194,20252026,2,2025-11-02,2025-11-02T20:30:00Z,OFF,TBL,4,UTA,2,REG
2025020195,20252026,2,2025-11-02,2025-11-02T22:00:00Z,OFF,CBJ,2,NYI,3,REG
2025020196,20252026,2,2025-11-02,2025-11-03T00:00:00Z,OFF,CGY,2,PHI,1,REG
2025020197,20252026,2,2025-11-02,2025-11-03T01:00:00Z,OFF,NJD,1,ANA,4,REG
2025020198,20252026,2,2025-11-02,2025-11-03T01:00:00Z,OFF,DET,3,SJS,2,SO
2025020199,20252026,2,2025-11-03,2025-11-04T00:30:00Z,OFF,PIT,3,TOR,4,REG
2025020200,20252026,2,2025-11-03,2025-11-04T01:30:00Z,OFF,EDM,2,STL,3,REG
2025020201,20252026,2,2025-11-03,2025-11-04T01:30:00Z,OFF,VAN,5,NSH,4,OT
2025020202,20252026,2,2025-11-03,2025-11-04T03:00:00Z,OFF,CHI,1,SEA,3,REG
2025020203,20252026,2,2025-11-04,2025-11-05T00:00:00Z,OFF,UTA,2,BUF,1,OT
2025020204,20252026,2,2025-11-04,2025-11-05T00:00:00Z,OFF,PHI,5,MTL,4,SO
2025020205,20252026,2,2025-11-04,2025-11-05T00:00:00Z,OFF,BOS,4,NYI,3,SO
2025020206,20252026,2,2025-11-04,2025-11-05T00:00:00Z,OFF,CAR,3,NYR,0,REG
2025020207,20252026,2,2025-11-04,2025-11-05T01:00:00Z,OFF,EDM,3,DAL,4,SO
2025020208,20252026,2,2025-11-04,2025-11-05T01:00:00Z,OFF,NSH,2,MIN,3,OT
2025020209,20252026,2,2025-11-04,2025-11-05T02:30:00Z,OFF,TBL,2,COL,3,REG
2025020210,20252026,2,2025-11-04,2025-11-05T03:00:00Z,OFF,DET,0,VGK,1,REG
2025020211,20252026,2,2025-11-04,2025-11-05T03:00:00Z,OFF,FLA,3,ANA,7,REG
2025020212,20252026,2,2025-11-04,2025-11-05T03:30:00Z,OFF,WPG,0,LAK,3,REG
2025020213,20252026,2,2025-11-05,2025-11-06T00:00:00Z,OFF,UTA,3,TOR,5,REG
2025020214,20252026,2,2025-11-05,2025-11-06T00:30:00Z,OFF,STL,1,WSH,6,REG
2025020215,20252026,2,2025-11-05,2025-11-06T02:30:00Z,OFF,CBJ,1,CGY,5,REG
2025020216,20252026,2,2025-11-05,2025-11-06T03:00:00Z,OFF,CHI,5,VAN,2,REG
2025020217,20252026,2,2025-11-05,2025-11-06T03:00:00Z,OFF,SJS,6,SEA,1,REG
2025020218,20252026,2,2025-11-06,2025-11-07T00:00:00Z,FINAL,OTT,2,BOS,3,OT
2025020219,20252026,2,2025-11-06,2025-11-07T00:00:00Z,FINAL,STL,3,BUF,0,REG
2025020220,20252026,2,2025-11-06,2025-11-07T00:00:00Z,OFF,MTL,3,NJD,4,OT
2025020221,20252026,2,2025-11-06,2025-11-07T00:30:00Z,FINAL,WSH,3,PIT,5,REG
2025020222,20252026,2,2025-11-06,2025-11-07T00:00:00Z,FINAL,MIN,3,CAR,4,REG
2025020223,20252026,2,2025-11-06,2025-11-07T01:00:00Z,CRIT,PHI,2,NSH,1,
2025020224,20252026,2,2025-11-06,2025-11-07T01:00:00Z,CRIT,ANA,6,DAL,4,
2025020225,20252026,2,2025-11-06,2025-11-07T03:00:00Z,LIVE,TBL,0,VGK,1,
2025020226,20252026,2,2025-11-06,2025-11-07T03:00:00Z,LIVE,FLA,1,LAK,1,
2025020227,20252026,2,2025-11-07,2025-11-08T00:00:00Z,FUT,NYR,,DET,,
2025020228,20252026,2,2025-11-07,2025-11-08T00:00:00Z,FUT,MIN,,NYI,,
2025020229,20252026,2,2025-11-07,2025-11-08T02:00:00Z,FUT,CHI,,CGY,,
2025020230,20252026,2,2025-11-07,2025-11-08T03:00:00Z,FUT,WPG,,SJS,,
2025020231,20252026,2,2025-11-08,2025-11-08T17:30:00Z,FUT,PIT,,NJD,,
2025020232,20252026,2,2025-11-08,2025-11-08T18:00:00Z,FUT,OTT,,PHI,,
2025020233,20252026,2,2025-11-08,2025-11-08T20:30:00Z,FUT,DAL,,NSH,,
2025020234,20252026,2,2025-11-08,2025-11-09T00:00:00Z,FUT,BOS,,TOR,,
2025020235,20252026,2,2025-11-08,2025-11-09T00:00:00Z,FUT,UTA,,MTL,,
2025020236,20252026,2,2025-11-08,2025-11-09T00:00:00Z,FUT,WSH,,TBL,,
2025020237,20252026,2,2025-11-08,2025-11-09T00:00:00Z,FUT,NYI,,NYR,,
2025020238,20252026,2,2025-11-08,2025-11-09T00:00:00Z,FUT,BUF,,CAR,,
2025020239,20252026,2,2025-11-08,2025-11-09T00:00:00Z,FUT,SEA,,STL,,
2025020240,20252026,2,2025-11-08,2025-11-09T03:00:00Z,FUT,COL,,EDM,,
2025020241,20252026,2,2025-11-08,2025-11-09T03:00:00Z,FUT,CBJ,,VAN,,
2025020242,20252026,2,2025-11-08,2025-11-09T03:00:00Z,FUT,ANA,,VGK,,
2025020243,20252026,2,2025-11-08,2025-11-09T03:00:00Z,FUT,FLA,,SJS,,
2025020244,20252026,2,2025-11-09,2025-11-09T18:00:00Z,FUT,CHI,,DET,,
2025020245,20252026,2,2025-11-09,2025-11-09T19:00:00Z,FUT,LAK,,PIT,,
2025020246,20252026,2,2025-11-09,2025-11-10T00:00:00Z,FUT,CAR,,TOR,,
2025020247,20252026,2,2025-11-09,2025-11-10T00:00:00Z,FUT,UTA,,OTT,,
2025020248,20252026,2,2025-11-09,2025-11-10T00:00:00Z,FUT,SEA,,DAL,,
2025020249,20252026,2,2025-11-09,2025-11-10T01:00:00Z,FUT,CGY,,MIN,,
2025020250,20252026,2,2025-11-09,2025-11-10T03:00:00Z,FUT,COL,,VAN,,
2025020251,20252026,2,2025-11-09,2025-11-10T03:00:00Z,FUT,WPG,,ANA,,
2025020252,20252026,2,2025-11-10,2025-11-11T00:00:00Z,FUT,NYI,,NJD,,
2025020253,20252026,2,2025-11-10,2025-11-11T00:00:00Z,FUT,NSH,,NYR,,
2025020254,20252026,2,2025-11-10,2025-11-11T01:30:00Z,FUT,CBJ,,EDM,,
2025020255,20252026,2,2025-11-10,2025-11-11T03:00:00Z,FUT,FLA,,VGK,,
2025020256,20252026,2,2025-11-11,2025-11-12T00:00:00Z,FUT,TOR,,BOS,,
2025020257,20252026,2,2025-11-11,2025-11-12T00:00:00Z,FUT,LAK,,MTL,,
2025020258,20252026,2,2025-11-11,2025-11-12T00:00:00Z,FUT,DAL,,OTT,,
2025020259,20252026,2,2025-11-11,2025-11-12T00:00:00Z,FUT,WSH,,CAR,,
2025020260,20252026,2,2025-11-11,2025-11-12T01:00:00Z,FUT,CGY,,STL,,
2025020261,20252026,2,2025-11-11,2025-11-12T01:00:00Z,FUT,SJS,,MIN,,
2025020262,20252026,2,2025-11-11,2025-11-12T02:30:00Z,FUT,ANA,,COL,,
2025020263,20252026,2,2025-11-11,2025-11-12T03:00:00Z,FUT,WPG,,VAN,,
2025020264,20252026,2,2025-11-11,2025-11-12T03:00:00Z,FUT,CBJ,,SEA,,
2025020265,20252026,2,2025-11-12,2025-11-13T00:00:00Z,FUT,NYR,,TBL,,
2025020266,20252026,2,2025-11-12,2025-11-13T00:30:00Z,FUT,EDM,,PHI,,
2025020267,20252026,2,2025-11-12,2025-11-13T02:00:00Z,FUT,BUF,,UTA,,
2025020268,20252026,2,2025-11-12,2025-11-13T02:30:00Z,FUT,NJD,,CHI,,
2025020269,20252026,2,2025-11-13,2025-11-14T00:00:00Z,FUT,LAK,,TOR,,
2025020270,20252026,2,2025-11-13,2025-11-14T00:00:00Z,FUT,DAL,,MTL,,
2025020271,20252026,2,2025-11-13,2025-11-14T00:00:00Z,FUT,BOS,,OTT,,
2025020272,20252026,2,2025-11-13,2025-11-14T00:00:00Z,FUT,ANA,,DET,,
2025020273,20252026,2,2025-11-13,2025-11-14T00:00:00Z,FUT,WSH,,FLA,,
2025020274,20252026,2,2025-11-13,2025-11-14T00:30:00Z,FUT,EDM,,CBJ,,
2025020275,20252026,2,2025-11-13,2025-11-14T02:00:00Z,FUT,BUF,,COL,,
2025020276,20252026,2,2025-11-13,2025-11-14T02:00:00Z,FUT,SJS,,CGY,,
2025020277,20252026,2,2025-11-13,2025-11-14T03:00:00Z,FUT,NYI,,VGK,,
2025020278,20252026,2,2025-11-13,2025-11-14T03:00:00Z,FUT,WPG,,SEA,,
2025020279,20252026,2,2025-11-14,2025-11-15T00:00:00Z,FUT,VAN,,CAR,,
2025020280,20252026,2,2025-11-14,2025-11-15T01:00:00Z,FUT,PHI,,STL,,
2025020281,20252026,2,2025-11-14,2025-11-14T19:00:00Z,FUT,PIT,,NSH,,
2025020282,20252026,2,2025-11-14,2025-11-15T02:00:00Z,FUT,NYI,,UTA,,
2025020283,20252026,2,2025-11-15,2025-11-15T22:00:00Z,FUT,TBL,,FLA,,
2025020284,20252026,2,2025-11-15,2025-11-15T23:00:00Z,FUT,ANA,,MIN,,
2025020285,20252026,2,2025-11-15,2025-11-16T00:00:00Z,FUT,BOS,,MTL,,
2025020286,20252026,2,2025-11-15,2025-11-16T00:00:00Z,FUT,LAK,,OTT,,
2025020287,20252026,2,2025-11-15,2025-11-16T00:00:00Z,FUT,BUF,,DET,,
2025020288,20252026,2,2025-11-15,2025-11-16T00:00:00Z,FUT,NJD,,WSH,,
2025020289,20252026,2,2025-11-15,2025-11-16T00:00:00Z,FUT,EDM,,CAR,,
2025020290,20252026,2,2025-11-15,2025-11-16T00:00:00Z,FUT,NYR,,CBJ,,
2025020291,20252026,2,2025-11-15,2025-11-16T00:00:00Z,FUT,TOR,,CHI,,
2025020292,20252026,2,2025-11-15,2025-11-16T01:00:00Z,FUT,VGK,,STL,,
2025020293,20252026,2,2025-11-15,2025-11-16T01:00:00Z,FUT,PHI,,DAL,,
2025020294,20252026,2,2025-11-15,2025-11-16T03:00:00Z,FUT,WPG,,CGY,,
2025020295,20252026,2,2025-11-15,2025-11-16T03:00:00Z,FUT,SJS,,SEA,,
2025020296,20252026,2,2025-11-16,2025-11-16T14:00:00Z,FUT,NSH,,PIT,,
2025020297,20252026,2,2025-11-16,2025-11-16T22:00:00Z,FUT,VAN,,TBL,,
2025020298,20252026,2,2025-11-16,2025-11-16T23:00:00Z,FUT,VGK,,MIN,,
2025020299,20252026,2,2025-11-16,2025-11-17T00:00:00Z,FUT,DET,,NYR,,
2025020300,20252026,2,2025-11-16,2025-11-17T02:00:00Z,FUT,NYI,,COL,,
2025020301,20252026,2,2025-11-17,2025-11-18T00:00:00Z,FUT,CAR,,BOS,,
2025020302,20252026,2,2025-11-17,2025-11-18T00:00:00Z,FUT,EDM,,BUF,,
2025020303,20252026,2,2025-11-17,2025-11-18T00:00:00Z,FUT,VAN,,FLA,,
2025020304,20252026,2,2025-11-17,2025-11-18T00:00:00Z,FUT,LAK,,WSH,,
2025020305,20252026,2,2025-11-17,2025-11-18T00:30:00Z,FUT,MTL,,CBJ,,
2025020306,20252026,2,2025-11-17,2025-11-18T03:00:00Z,FUT,UTA,,ANA,,
2025020307,20252026,2,2025-11-18,2025-11-19T00:00:00Z,FUT,STL,,TOR,,
2025020308,20252026,2,2025-11-18,2025-11-19T00:00:00Z,FUT,SEA,,DET,,
2025020309,20252026,2,2025-11-18,2025-11-19T00:00:00Z,FUT,NJD,,TBL,,
2025020310,20252026,2,2025-11-18,2025-11-19T01:00:00Z,FUT,NYI,,DAL,,
2025020311,20252026,2,2025-11-18,2025-11-19T01:00:00Z,FUT,CBJ,,WPG,,
2025020312,20252026,2,2025-11-18,2025-11-19T01:30:00Z,FUT,CGY,,CHI,,
2025020313,20252026,2,2025-11-18,2025-11-19T03:00:00Z,FUT,NYR,,VGK,,
2025020314,20252026,2,2025-11-18,2025-11-19T03:00:00Z,FUT,UTA,,SJS,,
2025020315,20252026,2,2025-11-19,2025-11-20T00:00:00Z,FUT,EDM,,WSH,,
2025020316,20252026,2,2025-11-19,2025-11-20T00:30:00Z,FUT,CGY,,BUF,,
2025020317,20252026,2,2025-11-19,2025-11-20T02:30:00Z,FUT,CAR,,MIN,,
2025020318,20252026,2,2025-11-19,2025-11-20T03:00:00Z,FUT,BOS,,ANA,,
2025020319,20252026,2,2025-11-20,2025-11-21T00:00:00Z,FUT,CBJ,,TOR,,
2025020320,20252026,2,2025-11-20,2025-11-21T00:00:00Z,FUT,WSH,,MTL,,
2025020321,20252026,2,2025-11-20,2025-11-21T00:00:00Z,FUT,NYI,,DET,,
2025020322,20252026,2,2025-11-20,2025-11-21T00:30:00Z,FUT,EDM,,TBL,,
2025020323,20252026,2,2025-11-20,2025-11-21T00:00:00Z,FUT,NJD,,FLA,,
2025020324,20252026,2,2025-11-20,2025-11-21T00:00:00Z,FUT,STL,,PHI,,
2025020325,20252026,2,2025-11-20,2025-11-21T01:00:00Z,FUT,SEA,,CHI,,
2025020326,20252026,2,2025-11-20,2025-11-21T02:00:00Z,FUT,NYR,,COL,,
2025020327,20252026,2,2025-11-20,2025-11-21T02:00:00Z,FUT,VGK,,UTA,,
2025020328,20252026,2,2025-11-20,2025-11-21T03:00:00Z,FUT,DAL,,VAN,,
2025020329,20252026,2,2025-11-20,2025-11-21T03:00:00Z,FUT,OTT,,ANA,,
2025020330,20252026,2,2025-11-20,2025-11-21T03:00:00Z,FUT,LAK,,SJS,,
2025020331,20252026,2,2025-11-21,2025-11-22T00:00:00Z,FUT,CHI,,BUF,,
2025020332,20252026,2,2025-11-21,2025-11-22T00:00:00Z,FUT,MIN,,PIT,,
2025020333,20252026,2,2025-11-21,2025-11-22T01:00:00Z,FUT,CAR,,WPG,,
2025020334,20252026,2,2025-11-21,2025-11-22T03:30:00Z,FUT,BOS,,LAK,,
2025020335,20252026,2,2025-11-22,2025-11-22T18:00:00Z,FUT,CBJ,,DET,,
2025020336,20252026,2,2025-11-22,2025-11-22T20:30:00Z,FUT,STL,,NYI,,
2025020337,20252026,2,2025-11-22,2025-11-23T00:00:00Z,FUT,TOR,,MTL,,
2025020338,20252026,2,2025-11-22,2025-11-23T00:00:00Z,FUT,EDM,,FLA,,
2025020339,20252026,2,2025-11-22,2025-11-23T00:00:00Z,FUT,NJD,,PHI,,
2025020340,20252026,2,2025-11-22,2025-11-23T00:00:00Z,FUT,SEA,,PIT,,
2025020341,20252026,2,2025-11-22,2025-11-23T00:00:00Z,FUT,TBL,,WSH,,
2025020342,20252026,2,2025-11-22,2025-11-23T00:00:00Z,FUT,OTT,,SJS,,
2025020343,20252026,2,2025-11-22,2025-11-23T01:00:00Z,FUT,COL,,NSH,,
2025020344,20252026,2,2025-11-22,2025-11-23T02:00:00Z,FUT,NYR,,UTA,,
2025020345,20252026,2,2025-11-22,2025-11-23T03:00:00Z,FUT,DAL,,CGY,,
2025020346,20252026,2,2025-11-22,2025-11-23T03:00:00Z,FUT,VGK,,ANA,,
2025020347,20252026,2,2025-11-23,2025-11-23T18:00:00Z,FUT,CAR,,BUF,,
2025020348,20252026,2,2025-11-23,2025-11-23T21:00:00Z,FUT,MIN,,WPG,,
2025020349,20252026,2,2025-11-23,2025-11-23T22:00:00Z,FUT,SEA,,NYI,,
2025020350,20252026,2,2025-11-23,2025-11-24T00:00:00Z,FUT,COL,,CHI,,
2025020351,20252026,2,2025-11-23,2025-11-24T01:00:00Z,FUT,BOS,,SJS,,
2025020352,20252026,2,2025-11-23,2025-11-24T02:00:00Z,FUT,CGY,,VAN,,
2025020353,20252026,2,2025-11-24,2025-11-25T00:00:00Z,FUT,PHI,,TBL,,
2025020354,20252026,2,2025-11-24,2025-11-25T00:00:00Z,FUT,DET,,NJD,,
2025020355,20252026,2,2025-11-24,2025-11-25T00:00:00Z,FUT,STL,,NYR,,
2025020356,20252026,2,2025-11-24,2025-11-25T00:00:00Z,FUT,CBJ,,WSH,,
2025020357,20252026,2,2025-11-24,2025-11-25T01:00:00Z,FUT,FLA,,NSH,,
2025020358,20252026,2,2025-11-24,2025-11-25T02:00:00Z,FUT,VGK,,UTA,,
2025020359,20252026,2,2025-11-24,2025-11-25T02:00:00Z,FUT,OTT,,LAK,,
2025020360,20252026,2,2025-11-25,2025-11-26T02:00:00Z,FUT,DAL,,EDM,,
2025020361,20252026,2,2025-11-26,2025-11-27T00:00:00Z,FUT,NSH,,DET,,
2025020362,20252026,2,2025-11-26,2025-11-27T00:00:00Z,FUT,CGY,,TBL,,
2025020363,20252026,2,2025-11-26,2025-11-27T00:00:00Z,FUT,PHI,,FLA,,
2025020364,20252026,2,2025-11-26,2025-11-27T00:00:00Z,FUT,STL,,NJD,,
2025020365,20252026,2,2025-11-26,2025-11-27T00:00:00Z,FUT,BOS,,NYI,,
2025020366,20252026,2,2025-11-26,2025-11-27T00:00:00Z,FUT,BUF,,PIT,,
2025020367,20252026,2,2025-11-26,2025-11-27T00:00:00Z,FUT,WPG,,WSH,,
2025020368,20252026,2,2025-11-26,2025-11-27T00:00:00Z,FUT,NYR,,CAR,,
2025020369,20252026,2,2025-11-26,2025-11-27T00:00:00Z,FUT,TOR,,CBJ,,
2025020370,20252026,2,2025-11-26,2025-11-27T01:30:00Z,FUT,MIN,,CHI,,
2025020371,20252026,2,2025-11-26,2025-11-27T02:00:00Z,FUT,SJS,,COL,,
2025020372,20252026,2,2025-11-26,2025-11-27T02:30:00Z,FUT,MTL,,UTA,,
2025020373,20252026,2,2025-11-26,2025-11-27T03:00:00Z,FUT,OTT,,VGK,,
2025020374,20252026,2,2025-11-26,2025-11-27T03:00:00Z,FUT,VAN,,ANA,,
2025020375,20252026,2,2025-11-26,2025-11-27T03:00:00Z,FUT,DAL,,SEA,,
2025020376,20252026,2,2025-11-28,2025-11-28T18:00:00Z,FUT,NYR,,BOS,,
2025020377,20252026,2,2025-11-28,2025-11-28T17:00:00Z,FUT,TBL,,DET,,
2025020378,20252026,2,2025-11-28,2025-11-28T20:30:00Z,FUT,COL,,MIN,,
2025020379,20252026,2,2025-11-28,2025-11-28T21:00:00Z,FUT,NJD,,BUF,,
2025020380,20252026,2,2025-11-28,2025-11-28T21:00:00Z,FUT,CGY,,FLA,,
2025020381,20252026,2,2025-11-28,2025-11-28T21:00:00Z,FUT,PHI,,NYI,,
2025020382,20252026,2,2025-11-28,2025-11-28T21:00:00Z,FUT,OTT,,STL,,
2025020383,20252026,2,2025-11-28,2025-11-28T21:00:00Z,FUT,MTL,,VGK,,
2025020384,20252026,2,2025-11-28,2025-11-28T21:00:00Z,FUT,LAK,,ANA,,
2025020385,20252026,2,2025-11-28,2025-11-28T21:00:00Z,FUT,VAN,,SJS,,
2025020386,20252026,2,2025-11-28,2025-11-28T22:00:00Z,FUT,TOR,,WSH,,
2025020387,20252026,2,2025-11-28,2025-11-28T22:00:00Z,FUT,WPG,,CAR,,
2025020388,20252026,2,2025-11-28,2025-11-29T00:00:00Z,FUT,PIT,,CBJ,,
2025020389,20252026,2,2025-11-28,2025-11-29T01:00:00Z,FUT,NSH,,CHI,,
2025020390,20252026,2,2025-11-28,2025-11-29T01:00:00Z,FUT,UTA,,DAL,,
2025020391,20252026,2,2025-11-29,2025-11-29T19:00:00Z,FUT,TBL,,NYR,,
2025020392,20252026,2,2025-11-29,2025-11-29T20:00:00Z,FUT,MTL,,COL,,
2025020393,20252026,2,2025-11-29,2025-11-29T21:00:00Z,FUT,EDM,,SEA,,
2025020394,20252026,2,2025-11-29,2025-11-30T00:00:00Z,FUT,DET,,BOS,,
2025020395,20252026,2,2025-11-29,2025-11-30T00:00:00Z,FUT,PHI,,NJD,,
2025020396,20252026,2,2025-11-29,2025-11-30T00:00:00Z,FUT,TOR,,PIT,,
2025020397,20252026,2,2025-11-29,2025-11-30T00:00:00Z,FUT,WPG,,NSH,,
2025020398,20252026,2,2025-11-29,2025-11-30T01:00:00Z,FUT,UTA,,STL,,
2025020399,20252026,2,2025-11-29,2025-11-30T01:00:00Z,FUT,BUF,,MIN,,
2025020400,20252026,2,2025-11-29,2025-11-30T03:00:00Z,FUT,SJS,,VGK,,
2025020401,20252026,2,2025-11-29,2025-11-30T03:00:00Z,FUT,VAN,,LAK,,
2025020402,20252026,2,2025-11-30,2025-11-30T18:00:00Z,FUT,WSH,,NYI,,
2025020403,20252026,2,2025-11-30,2025-11-30T20:30:00Z,FUT,ANA,,CHI,,
2025020404,20252026,2,2025-11-30,2025-11-30T22:00:00Z,FUT,CGY,,CAR,,
2025020405,20252026,2,2025-11-30,2025-11-30T23:00:00Z,FUT,OTT,,DAL,,
2025020406,20252026,2,2025-12-01,2025-12-02T00:00:00Z,FUT,CBJ,,NJD,,
2025020407,20252026,2,2025-12-01,2025-12-02T00:00:00Z,FUT,PIT,,PHI,,
2025020408,20252026,2,2025-12-01,2025-12-02T00:30:00Z,FUT,WPG,,BUF,,
2025020409,20252026,2,2025-12-01,2025-12-02T01:00:00Z,FUT,ANA,,STL,,
2025020410,20252026,2,2025-12-01,2025-12-02T03:00:00Z,FUT,UTA,,SJS,,
2025020411,20252026,2,2025-12-02,2025-12-03T00:00:00Z,FUT,OTT,,MTL,,
2025020412,20252026,2,2025-12-02,2025-12-03T00:00:00Z,FUT,BOS,,DET,,
2025020413,20252026,2,2025-12-02,2025-12-03T00:30:00Z,FUT,TOR,,FLA,,
2025020414,20252026,2,2025-12-02,2025-12-03T00:00:00Z,FUT,TBL,,NYI,,
2025020415,20252026,2,2025-12-02,2025-12-03T00:00:00Z,FUT,DAL,,NYR,,
2025020416,20252026,2,2025-12-02,2025-12-03T01:00:00Z,FUT,CGY,,NSH,,
2025020417,20252026,2,2025-12-02,2025-12-03T02:00:00Z,FUT,VAN,,COL,,
2025020418,20252026,2,2025-12-02,2025-12-03T02:00:00Z,FUT,MIN,,EDM,,
2025020419,20252026,2,2025-12-02,2025-12-03T03:00:00Z,FUT,CHI,,VGK,,
2025020420,20252026,2,2025-12-02,2025-12-03T03:30:00Z,FUT,WSH,,LAK,,
2025020421,20252026,2,2025-12-03,2025-12-04T00:00:00Z,FUT,DAL,,NJD,,
2025020422,20252026,2,2025-12-03,2025-12-04T00:30:00Z,FUT,WPG,,MTL,,
2025020423,20252026,2,2025-12-03,2025-12-04T00:30:00Z,FUT,BUF,,PHI,,
2025020424,20252026,2,2025-12-03,2025-12-04T03:00:00Z,FUT,UTA,,ANA,,
2025020425,20252026,2,2025-12-03,2025-12-04T03:00:00Z,FUT,WSH,,SJS,,
2025020426,20252026,2,2025-12-04,2025-12-05T00:00:00Z,FUT,STL,,BOS,,
2025020427,20252026,2,2025-12-04,2025-12-05T00:00:00Z,FUT,NYR,,OTT,,
2025020428,20252026,2,2025-12-04,2025-12-05T00:00:00Z,FUT,PIT,,TBL,,
2025020429,20252026,2,2025-12-04,2025-12-05T00:00:00Z,FUT,NSH,,FLA,,
2025020430,20252026,2,2025-12-04,2025-12-05T00:00:00Z,FUT,COL,,NYI,,
2025020431,20252026,2,2025-12-04,2025-12-05T00:00:00Z,FUT,TOR,,CAR,,
2025020432,20252026,2,2025-12-04,2025-12-05T00:30:00Z,FUT,DET,,CBJ,,
2025020433,20252026,2,2025-12-04,2025-12-05T02:00:00Z,FUT,MIN,,CGY,,
2025020434,20252026,2,2025-12-04,2025-12-05T02:00:00Z,FUT,SEA,,EDM,,
2025020435,20252026,2,2025-12-04,2025-12-05T03:00:00Z,FUT,CHI,,LAK,,
2025020436,20252026,2,2025-12-05,2025-12-06T00:00:00Z,FUT,VGK,,NJD,,
2025020437,20252026,2,2025-12-05,2025-12-06T00:00:00Z,FUT,BUF,,WPG,,
2025020438,20252026,2,2025-12-05,2025-12-06T01:00:00Z,FUT,SJS,,DAL,,
2025020439,20252026,2,2025-12-05,2025-12-06T02:00:00Z,FUT,UTA,,VAN,,
2025020440,20252026,2,2025-12-05,2025-12-06T03:00:00Z,FUT,WSH,,ANA,,
2025020441,20252026,2,2025-12-06,2025-12-06T17:30:00Z,FUT,COL,,NYR,,
2025020442,20252026,2,2025-12-06,2025-12-06T20:30:00Z,FUT,CBJ,,FLA,,
2025020443,20252026,2,2025-12-06,2025-12-07T00:00:00Z,FUT,NJD,,BOS,,
2025020444,20252026,2,2025-12-06,2025-12-07T00:00:00Z,FUT,MTL,,TOR,,
2025020445,20252026,2,2025-12-06,2025-12-07T00:00:00Z,FUT,STL,,OTT,,
2025020446,20252026,2,2025-12-06,2025-12-07T00:00:00Z,FUT,NYI,,TBL,,
2025020447,20252026,2,2025-12-06,2025-12-07T00:00:00Z,FUT,NSH,,CAR,,
2025020448,20252026,2,2025-12-06,2025-12-07T00:00:00Z,FUT,UTA,,CGY,,
2025020449,20252026,2,2025-12-06,2025-12-07T02:00:00Z,FUT,CHI,,LAK,,
2025020450,20252026,2,2025-12-06,2025-12-07T03:00:00Z,FUT,WPG,,EDM,,
2025020451,20252026,2,2025-12-06,2025-12-07T03:00:00Z,FUT,MIN,,VAN,,
2025020452,20252026,2,2025-12-06,2025-12-07T03:00:00Z,FUT,DET,,SEA,,
2025020453,20252026,2,2025-12-07,2025-12-07T18:00:00Z,FUT,COL,,PHI,,
2025020454,20252026,2,2025-12-07,2025-12-07T22:00:00Z,FUT,NYI,,FLA,,
2025020455,20252026,2,2025-12-07,2025-12-07T22:00:00Z,FUT,SJS,,CAR,,
2025020456,20252026,2,2025-12-07,2025-12-07T23:00:00Z,FUT,PIT,,DAL,,
2025020457,20252026,2,2025-12-07,2025-12-08T00:00:00Z,FUT,STL,,MTL,,
2025020458,20252026,2,2025-12-07,2025-12-08T00:00:00Z,FUT,VGK,,NYR,,
2025020459,20252026,2,2025-12-07,2025-12-08T00:00:00Z,FUT,CBJ,,WSH,,
2025020460,20252026,2,2025-12-07,2025-12-08T01:00:00Z,FUT,CHI,,ANA,,
2025020461,20252026,2,2025-12-08,2025-12-09T00:30:00Z,FUT,TBL,,TOR,,
2025020462,20252026,2,2025-12-08,2025-12-09T02:00:00Z,FUT,LAK,,UTA,,
2025020463,20252026,2,2025-12-08,2025-12-09T02:00:00Z,FUT,BUF,,CGY,,
2025020464,20252026,2,2025-12-08,2025-12-09T03:00:00Z,FUT,DET,,VAN,,
2025020465,20252026,2,2025-12-08,2025-12-09T03:00:00Z,FUT,MIN,,SEA,,
2025020466,20252026,2,2025-12-09,2025-12-10T00:00:00Z,FUT,TBL,,MTL,,
2025020467,20252026,2,2025-12-09,2025-12-10T00:00:00Z,FUT,NJD,,OTT,,
2025020468,20252026,2,2025-12-09,2025-12-10T00:00:00Z,FUT,VGK,,NYI,,
2025020469,20252026,2,2025-12-09,2025-12-10T00:00:00Z,FUT,SJS,,PHI,,
2025020470,20252026,2,2025-12-09,2025-12-10T00:00:00Z,FUT,ANA,,PIT,,
2025020471,20252026,2,2025-12-09,2025-12-10T00:30:00Z,FUT,CBJ,,CAR,,
2025020472,20252026,2,2025-12-09,2025-12-10T01:00:00Z,FUT,BOS,,STL,,
2025020473,20252026,2,2025-12-09,2025-12-10T01:00:00Z,FUT,DAL,,WPG,,
2025020474,20252026,2,2025-12-09,2025-12-10T02:00:00Z,FUT,BUF,,EDM,,
2025020475,20252026,2,2025-12-09,2025-12-10T02:30:00Z,FUT,COL,,NSH,,
2025020476,20252026,2,2025-12-10,2025-12-11T00:30:00Z,FUT,NYR,,CHI,,
2025020477,20252026,2,2025-12-10,2025-12-11T01:30:00Z,FUT,DET,,CGY,,
2025020478,20252026,2,2025-12-10,2025-12-11T02:00:00Z,FUT,FLA,,UTA,,
2025020479,20252026,2,2025-12-10,2025-12-11T03:00:00Z,FUT,LAK,,SEA,,
2025020480,20252026,2,2025-12-11,2025-12-12T00:00:00Z,FUT,SJS,,TOR,,
2025020481,20252026,2,2025-12-11,2025-12-12T00:00:00Z,FUT,TBL,,NJD,,
2025020482,20252026,2,2025-12-11,2025-12-12T00:00:00Z,FUT,ANA,,NYI,,
2025020483,20252026,2,2025-12-11,2025-12-12T00:00:00Z,FUT,VGK,,PHI,,
2025020484,20252026,2,2025-12-11,2025-12-12T00:00:00Z,FUT,MTL,,PIT,,
2025020485,20252026,2,2025-12-11,2025-12-12T00:00:00Z,FUT,CAR,,WSH,,
2025020486,20252026,2,2025-12-11,2025-12-12T00:00:00Z,FUT,OTT,,CBJ,,
2025020487,20252026,2,2025-12-11,2025-12-12T01:00:00Z,FUT,STL,,NSH,,
2025020488,20252026,2,2025-12-11,2025-12-12T01:00:00Z,FUT,DAL,,MIN,,
2025020489,20252026,2,2025-12-11,2025-12-12T01:00:00Z,FUT,BOS,,WPG,,
2025020490,20252026,2,2025-12-11,2025-12-12T02:30:00Z,FUT,FLA,,COL,,
2025020491,20252026,2,2025-12-11,2025-12-12T02:00:00Z,FUT,DET,,EDM,,
2025020492,20252026,2,2025-12-11,2025-12-12T03:00:00Z,FUT,BUF,,VAN,,
2025020493,20252026,2,2025-12-12,2025-12-13T01:00:00Z,FUT,CHI,,STL,,
2025020494,20252026,2,2025-12-12,2025-12-13T02:00:00Z,FUT,SEA,,UTA,,
2025020495,20252026,2,2025-12-13,2025-12-13T17:30:00Z,FUT,ANA,,NJD,,
2025020496,20252026,2,2025-12-13,2025-12-13T19:00:00Z,FUT,OTT,,MIN,,
2025020497,20252026,2,2025-12-13,2025-12-13T20:00:00Z,FUT,SJS,,PIT,,
2025020498,20252026,2,2025-12-13,2025-12-13T20:30:00Z,FUT,TBL,,NYI,,
2025020499,20252026,2,2025-12-13,2025-12-14T00:00:00Z,FUT,EDM,,TOR,,
2025020500,20252026,2,2025-12-13,2025-12-14T00:00:00Z,FUT,MTL,,NYR,,
2025020501,20252026,2,2025-12-13,2025-12-14T00:00:00Z,FUT,CAR,,PHI,,
2025020502,20252026,2,2025-12-13,2025-12-14T00:00:00Z,FUT,VGK,,CBJ,,
2025020503,20252026,2,2025-12-13,2025-12-14T00:00:00Z,FUT,WSH,,WPG,,
2025020504,20252026,2,2025-12-13,2025-12-14T01:00:00Z,FUT,DET,,CHI,,
2025020505,20252026,2,2025-12-13,2025-12-14T01:00:00Z,FUT,FLA,,DAL,,
2025020506,20252026,2,2025-12-13,2025-12-14T02:00:00Z,FUT,NSH,,COL,,
2025020507,20252026,2,2025-12-13,2025-12-14T03:00:00Z,FUT,CGY,,LAK,,
2025020508,20252026,2,2025-12-14,2025-12-14T17:30:00Z,FUT,VAN,,NJD,,
2025020509,20252026,2,2025-12-14,2025-12-14T20:00:00Z,FUT,UTA,,PIT,,
2025020510,20252026,2,2025-12-14,2025-12-14T22:00:00Z,FUT,PHI,,CAR,,
2025020511,20252026,2,2025-12-14,2025-12-14T23:00:00Z,FUT,BOS,,MIN,,
2025020512,20252026,2,2025-12-14,2025-12-15T00:00:00Z,FUT,EDM,,MTL,,
2025020513,20252026,2,2025-12-14,2025-12-15T01:00:00Z,FUT,BUF,,SEA,,
2025020514,20252026,2,2025-12-15,2025-12-16T00:00:00Z,FUT,FLA,,TBL,,
2025020515,20252026,2,2025-12-15,2025-12-16T00:00:00Z,FUT,ANA,,NYR,,
2025020516,20252026,2,2025-12-15,2025-12-16T00:30:00Z,FUT,OTT,,WPG,,
2025020517,20252026,2,2025-12-15,2025-12-16T01:00:00Z,FUT,NSH,,STL,,
2025020518,20252026,2,2025-12-15,2025-12-16T01:00:00Z,FUT,LAK,,DAL,,
2025020519,20252026,2,2025-12-16,2025-12-17T00:00:00Z,FUT,UTA,,BOS,,
2025020520,20252026,2,2025-12-16,2025-12-17T00:00:00Z,FUT,CHI,,TOR,,
2025020521,20252026,2,2025-12-16,2025-12-17T00:00:00Z,FUT,PHI,,MTL,,
2025020522,20252026,2,2025-12-16,2025-12-17T00:00:00Z,FUT,NYI,,DET,,
2025020523,20252026,2,2025-12-16,2025-12-17T00:00:00Z,FUT,VAN,,NYR,,
2025020524,20252026,2,2025-12-16,2025-12-17T00:30:00Z,FUT,EDM,,PIT,,
2025020525,20252026,2,2025-12-16,2025-12-17T00:00:00Z,FUT,ANA,,CBJ,,
2025020526,20252026,2,2025-12-16,2025-12-17T01:00:00Z,FUT,WSH,,MIN,,
2025020527,20252026,2,2025-12-16,2025-12-17T03:00:00Z,FUT,CGY,,SJS,,
2025020528,20252026,2,2025-12-16,2025-12-17T03:00:00Z,FUT,COL,,SEA,,
2025020529,20252026,2,2025-12-17,2025-12-18T00:00:00Z,FUT,LAK,,FLA,,
2025020530,20252026,2,2025-12-17,2025-12-18T00:30:00Z,FUT,UTA,,DET,,
2025020531,20252026,2,2025-12-17,2025-12-18T01:00:00Z,FUT,WPG,,STL,,
2025020532,20252026,2,2025-12-17,2025-12-18T01:00:00Z,FUT,CAR,,NSH,,
2025020533,20252026,2,2025-12-17,2025-12-18T03:00:00Z,FUT,NJD,,VGK,,
2025020534,20252026,2,2025-12-18,2025-12-19T00:00:00Z,FUT,EDM,,BOS,,
2025020535,20252026,2,2025-12-18,2025-12-19T00:30:00Z,FUT,PHI,,BUF,,
2025020536,20252026,2,2025-12-18,2025-12-19T00:00:00Z,FUT,CHI,,MTL,,
2025020537,20252026,2,2025-12-18,2025-12-19T00:00:00Z,FUT,PIT,,OTT,,
2025020538,20252026,2,2025-12-18,2025-12-19T00:00:00Z,FUT,LAK,,TBL,,
2025020539,20252026,2,2025-12-18,2025-12-19T00:00:00Z,FUT,TOR,,WSH,,
2025020540,20252026,2,2025-12-18,2025-12-19T00:00:00Z,FUT,MIN,,CBJ,,
2025020541,20252026,2,2025-12-18,2025-12-19T01:00:00Z,FUT,NYR,,STL,,
2025020542,20252026,2,2025-12-18,2025-12-19T02:00:00Z,FUT,SEA,,CGY,,
2025020543,20252026,2,2025-12-18,2025-12-19T03:00:00Z,FUT,DAL,,SJS,,
2025020544,20252026,2,2025-12-19,2025-12-20T00:00:00Z,FUT,CAR,,FLA,,
2025020545,20252026,2,2025-12-19,2025-12-20T00:00:00Z,FUT,VAN,,NYI,,
2025020546,20252026,2,2025-12-19,2025-12-20T02:00:00Z,FUT,WPG,,COL,,
2025020547,20252026,2,2025-12-19,2025-12-20T02:00:00Z,FUT,NJD,,UTA,,
2025020548,20252026,2,2025-12-19,2025-12-20T03:00:00Z,FUT,DAL,,ANA,,
2025020549,20252026,2,2025-12-20,2025-12-20T17:30:00Z,FUT,PHI,,NYR,,
2025020550,20252026,2,2025-12-20,2025-12-20T17:30:00Z,FUT,DET,,WSH,,
2025020551,20252026,2,2025-12-20,2025-12-20T20:00:00Z,FUT,CHI,,OTT,,
2025020552,20252026,2,2025-12-20,2025-12-20T20:00:00Z,FUT,EDM,,MIN,,
2025020553,20252026,2,2025-12-20,2025-12-20T22:00:00Z,FUT,NYI,,BUF,,
2025020554,20252026,2,2025-12-20,2025-12-20T23:00:00Z,FUT,STL,,FLA,,
2025020555,20252026,2,2025-12-20,2025-12-21T00:00:00Z,FUT,VAN,,BOS,,
2025020556,20252026,2,2025-12-20,2025-12-21T00:00:00Z,FUT,PIT,,MTL,,
2025020557,20252026,2,2025-12-20,2025-12-21T00:00:00Z,FUT,CAR,,TBL,,
2025020558,20252026,2,2025-12-20,2025-12-21T00:00:00Z,FUT,TOR,,NSH,,
2025020559,20252026,2,2025-12-20,2025-12-21T03:00:00Z,FUT,VGK,,CGY,,
2025020560,20252026,2,2025-12-20,2025-12-21T03:00:00Z,FUT,CBJ,,ANA,,
2025020561,20252026,2,2025-12-20,2025-12-21T03:00:00Z,FUT,SEA,,SJS,,
2025020562,20252026,2,2025-12-21,2025-12-21T18:00:00Z,FUT,WSH,,DET,,
2025020563,20252026,2,2025-12-21,2025-12-21T23:00:00Z,FUT,COL,,MIN,,
2025020564,20252026,2,2025-12-21,2025-12-22T00:00:00Z,FUT,OTT,,BOS,,
2025020565,20252026,2,2025-12-21,2025-12-22T00:00:00Z,FUT,BUF,,NJD,,
2025020566,20252026,2,2025-12-21,2025-12-22T00:00:00Z,FUT,MTL,,PIT,,
2025020567,20252026,2,2025-12-21,2025-12-22T00:00:00Z,FUT,NYR,,NSH,,
2025020568,20252026,2,2025-12-21,2025-12-22T00:00:00Z,FUT,TOR,,DAL,,
2025020569,20252026,2,2025-12-21,2025-12-22T00:00:00Z,FUT,WPG,,UTA,,
2025020570,20252026,2,2025-12-21,2025-12-22T01:00:00Z,FUT,VGK,,EDM,,
2025020571,20252026,2,2025-12-22,2025-12-23T00:00:00Z,FUT,STL,,TBL,,
2025020572,20252026,2,2025-12-22,2025-12-23T00:30:00Z,FUT,VAN,,PHI,,
2025020573,20252026,2,2025-12-22,2025-12-23T03:00:00Z,FUT,SEA,,ANA,,
2025020574,20252026,2,2025-12-22,2025-12-23T03:00:00Z,FUT,CBJ,,LAK,,
2025020575,20252026,2,2025-12-23,2025-12-23T21:00:00Z,FUT,PIT,,TOR,,
2025020576,20252026,2,2025-12-23,2025-12-24T00:00:00Z,FUT,NYR,,WSH,,
2025020577,20252026,2,2025-12-23,2025-12-24T00:00:00Z,FUT,MTL,,BOS,,
2025020578,20252026,2,2025-12-23,2025-12-24T00:00:00Z,FUT,BUF,,OTT,,
2025020579,20252026,2,2025-12-23,2025-12-23T23:30:00Z,FUT,DAL,,DET,,
2025020580,20252026,2,2025-12-23,2025-12-24T00:00:00Z,FUT,NJD,,NYI,,
2025020581,20252026,2,2025-12-23,2025-12-24T00:00:00Z,FUT,FLA,,CAR,,
2025020582,20252026,2,2025-12-23,2025-12-24T01:00:00Z,FUT,NSH,,MIN,,
2025020583,20252026,2,2025-12-23,2025-12-24T02:00:00Z,FUT,PHI,,CHI,,
2025020584,20252026,2,2025-12-23,2025-12-24T02:00:00Z,FUT,UTA,,COL,,
2025020585,20252026,2,2025-12-23,2025-12-24T02:00:00Z,FUT,CGY,,EDM,,
2025020586,20252026,2,2025-12-23,2025-12-24T03:00:00Z,FUT,SJS,,VGK,,
2025020587,20252026,2,2025-12-23,2025-12-24T03:00:00Z,FUT,SEA,,LAK,,
2025020588,20252026,2,2025-12-27,2025-12-27T23:00:00Z,FUT,NYR,,NYI,,
2025020589,20252026,2,2025-12-27,2025-12-28T00:00:00Z,FUT,BOS,,BUF,,
2025020590,20252026,2,2025-12-27,2025-12-28T00:00:00Z,FUT,OTT,,TOR,,
2025020591,20252026,2,2025-12-27,2025-12-28T00:00:00Z,FUT,TBL,,FLA,,
2025020592,20252026,2,2025-12-27,2025-12-28T00:00:00Z,FUT,WSH,,NJD,,
2025020593,20252026,2,2025-12-27,2025-12-28T00:00:00Z,FUT,DET,,CAR,,
2025020594,20252026,2,2025-12-27,2025-12-28T00:00:00Z,FUT,MIN,,WPG,,
2025020595,20252026,2,2025-12-27,2025-12-28T01:00:00Z,FUT,NSH,,STL,,
2025020596,20252026,2,2025-12-27,2025-12-28T01:00:00Z,FUT,CHI,,DAL,,
2025020597,20252026,2,2025-12-27,2025-12-28T02:00:00Z,FUT,ANA,,LAK,,
2025020598,20252026,2,2025-12-27,2025-12-28T03:00:00Z,FUT,EDM,,CGY,,
2025020599,20252026,2,2025-12-27,2025-12-28T03:00:00Z,FUT,SJS,,VAN,,
2025020600,20252026,2,2025-12-27,2025-12-28T03:00:00Z,FUT,COL,,VGK,,
2025020601,20252026,2,2025-12-28,2025-12-29T00:00:00Z,FUT,TOR,,DET,,
2025020602,20252026,2,2025-12-28,2025-12-28T22:00:00Z,FUT,MTL,,TBL,,
2025020603,20252026,2,2025-12-28,2025-12-28T22:00:00Z,FUT,NYI,,CBJ,,
2025020604,20252026,2,2025-12-28,2025-12-29T00:00:00Z,FUT,PIT,,CHI,,
2025020605,20252026,2,2025-12-28,2025-12-29T01:00:00Z,FUT,PHI,,SEA,,
2025020606,20252026,2,2025-12-29,2025-12-30T00:00:00Z,FUT,CBJ,,OTT,,
2025020607,20252026,2,2025-12-29,2025-12-30T00:00:00Z,FUT,WSH,,FLA,,
2025020608,20252026,2,2025-12-29,2025-12-30T00:00:00Z,FUT,NYR,,CAR,,
2025020609,20252026,2,2025-12-29,2025-12-30T00:30:00Z,FUT,EDM,,WPG,,
2025020610,20252026,2,2025-12-29,2025-12-30T01:00:00Z,FUT,BUF,,STL,,
2025020611,20252026,2,2025-12-29,2025-12-30T02:00:00Z,FUT,LAK,,COL,,
2025020612,20252026,2,2025-12-29,2025-12-30T02:00:00Z,FUT,NSH,,UTA,,
2025020613,20252026,2,2025-12-29,2025-12-30T02:00:00Z,FUT,BOS,,CGY,,
2025020614,20252026,2,2025-12-29,2025-12-30T03:00:00Z,FUT,MIN,,VGK,,
2025020615,20252026,2,2025-12-29,2025-12-30T03:00:00Z,FUT,SJS,,ANA,,
2025020616,20252026,2,2025-12-29,2025-12-30T03:00:00Z,FUT,VAN,,SEA,,
2025020617,20252026,2,2025-12-30,2025-12-31T00:00:00Z,FUT,NJD,,TOR,,
2025020618,20252026,2,2025-12-30,2025-12-31T00:00:00Z,FUT,MTL,,FLA,,
2025020619,20252026,2,2025-12-30,2025-12-31T00:00:00Z,FUT,CAR,,PIT,,
2025020620,20252026,2,2025-12-30,2025-12-31T01:30:00Z,FUT,NYI,,CHI,,
2025020621,20252026,2,2025-12-30,2025-12-31T03:00:00Z,FUT,PHI,,VAN,,
2025020622,20252026,2,2025-12-31,2025-12-31T17:30:00Z,FUT,NYR,,WSH,,
2025020623,20252026,2,2025-12-31,2025-12-31T20:00:00Z,FUT,NSH,,VGK,,
2025020624,20252026,2,2025-12-31,2025-12-31T21:00:00Z,FUT,TBL,,ANA,,
2025020625,20252026,2,2025-12-31,2025-12-31T21:00:00Z,FUT,MIN,,SJS,,
2025020626,20252026,2,2025-12-31,2025-12-31T23:30:00Z,FUT,WPG,,DET,,
2025020627,20252026,2,2025-12-31,2026-01-01T00:00:00Z,FUT,NJD,,CBJ,,
2025020628,20252026,2,2025-12-31,2026-01-01T01:00:00Z,FUT,BUF,,DAL,,
2025020629,20252026,2,2025-12-31,2026-01-01T02:00:00Z,FUT,STL,,COL,,
2025020630,20252026,2,2025-12-31,2026-01-01T02:30:00Z,FUT,PHI,,CGY,,
2025020631,20252026,2,2025-12-31,2026-01-01T02:30:00Z,FUT,BOS,,EDM,,
2025020632,20252026,2,2026-01-01,2026-01-01T18:00:00Z,FUT,WSH,,OTT,,
2025020633,20252026,2,2026-01-01,2026-01-01T20:00:00Z,FUT,UTA,,NYI,,
2025020634,20252026,2,2026-01-01,2026-01-02T00:00:00Z,FUT,WPG,,TOR,,
2025020635,20252026,2,2026-01-01,2026-01-02T00:00:00Z,FUT,DET,,PIT,,
2025020636,20252026,2,2026-01-01,2026-01-02T00:00:00Z,FUT,MTL,,CAR,,
2025020637,20252026,2,2026-01-01,2026-01-02T01:30:00Z,FUT,DAL,,CHI,,
2025020638,20252026,2,2026-01-01,2026-01-02T03:00:00Z,FUT,NSH,,SEA,,
2025020639,20252026,2,2026-01-01,2026-01-02T00:00:00Z,FUT,TBL,,LAK,,
2025020640,20252026,2,2026-01-02,2026-01-02T20:00:00Z,FUT,VGK,,STL,,
2025020641,20252026,2,2026-01-02,2026-01-03T01:00:00Z,FUT,NYR,,FLA,,
2025020642,20252026,2,2026-01-02,2026-01-03T03:30:00Z,FUT,SEA,,VAN,,
2025020643,20252026,2,2026-01-02,2026-01-03T03:30:00Z,FUT,MIN,,ANA,,
2025020644,20252026,2,2026-01-03,2026-01-03T17:00:00Z,FUT,PIT,,DET,,
2025020645,20252026,2,2026-01-03,2026-01-03T20:00:00Z,FUT,UTA,,NJD,,
2025020646,20252026,2,2026-01-03,2026-01-03T20:00:00Z,FUT,BUF,,CBJ,,
2025020647,20252026,2,2026-01-03,2026-01-03T20:30:00Z,FUT,PHI,,EDM,,
2025020648,20252026,2,2026-01-03,2026-01-03T21:00:00Z,FUT,MTL,,STL,,
2025020649,20252026,2,2026-01-03,2026-01-03T21:00:00Z,FUT,TBL,,SJS,,
2025020650,20252026,2,2026-01-03,2026-01-04T00:00:00Z,FUT,WPG,,OTT,,
2025020651,20252026,2,2026-01-03,2026-01-04T00:00:00Z,FUT,TOR,,NYI,,
2025020652,20252026,2,2026-01-03,2026-01-04T00:00:00Z,FUT,CHI,,WSH,,
2025020653,20252026,2,2026-01-03,2026-01-04T00:00:00Z,FUT,COL,,CAR,,
2025020654,20252026,2,2026-01-03,2026-01-04T00:00:00Z,FUT,NSH,,CGY,,
2025020655,20252026,2,2026-01-03,2026-01-04T02:00:00Z,FUT,MIN,,LAK,,
2025020656,20252026,2,2026-01-03,2026-01-04T03:00:00Z,FUT,BOS,,VAN,,
2025020657,20252026,2,2026-01-04,2026-01-04T19:00:00Z,FUT,MTL,,DAL,,
2025020658,20252026,2,2026-01-04,2026-01-04T20:00:00Z,FUT,PIT,,CBJ,,
2025020659,20252026,2,2026-01-04,2026-01-04T22:00:00Z,FUT,COL,,FLA,,
2025020660,20252026,2,2026-01-04,2026-01-05T00:00:00Z,FUT,CAR,,NJD,,
2025020661,20252026,2,2026-01-04,2026-01-05T00:00:00Z,FUT,VGK,,CHI,,
2025020662,20252026,2,2026-01-05,2026-01-06T00:00:00Z,FUT,UTA,,NYR,,
2025020663,20252026,2,2026-01-05,2026-01-06T00:00:00Z,FUT,ANA,,WSH,,
2025020664,20252026,2,2026-01-05,2026-01-06T00:30:00Z,FUT,DET,,OTT,,
2025020665,20252026,2,2026-01-05,2026-01-06T02:30:00Z,FUT,SEA,,CGY,,
2025020666,20252026,2,2026-01-05,2026-01-06T03:30:00Z,FUT,MIN,,LAK,,
2025020667,20252026,2,2026-01-06,2026-01-07T00:00:00Z,FUT,VAN,,BUF,,
2025020668,20252026,2,2026-01-06,2026-01-07T00:00:00Z,FUT,COL,,TBL,,
2025020669,20252026,2,2026-01-06,2026-01-07T00:30:00Z,FUT,NJD,,NYI,,
2025020670,20252026,2,2026-01-06,2026-01-07T00:00:00Z,FUT,ANA,,PHI,,
2025020671,20252026,2,2026-01-06,2026-01-07T00:00:00Z,FUT,DAL,,CAR,,
2025020672,20252026,2,2026-01-06,2026-01-07T00:30:00Z,FUT,FLA,,TOR,,
2025020673,20252026,2,2026-01-06,2026-01-07T01:00:00Z,FUT,VGK,,WPG,,
2025020674,20252026,2,2026-01-06,2026-01-07T02:00:00Z,FUT,NSH,,EDM,,
2025020675,20252026,2,2026-01-06,2026-01-07T03:00:00Z,FUT,CBJ,,SJS,,
2025020676,20252026,2,2026-01-06,2026-01-07T03:00:00Z,FUT,BOS,,SEA,,
2025020677,20252026,2,2026-01-07,2026-01-08T00:00:00Z,FUT,DAL,,WSH,,
2025020678,20252026,2,2026-01-07,2026-01-08T00:30:00Z,FUT,CGY,,MTL,,
2025020679,20252026,2,2026-01-07,2026-01-08T02:30:00Z,FUT,STL,,CHI,,
2025020680,20252026,2,2026-01-07,2026-01-08T02:30:00Z,FUT,OTT,,UTA,,
2025020681,20252026,2,2026-01-07,2026-01-08T03:30:00Z,FUT,SJS,,LAK,,
2025020682,20252026,2,2026-01-08,2026-01-09T00:00:00Z,FUT,CGY,,BOS,,
2025020683,20252026,2,2026-01-08,2026-01-09T00:00:00Z,FUT,FLA,,MTL,,
2025020684,20252026,2,2026-01-08,2026-01-09T00:00:00Z,FUT,VAN,,DET,,
2025020685,20252026,2,2026-01-08,2026-01-09T00:00:00Z,FUT,BUF,,NYR,,
2025020686,20252026,2,2026-01-08,2026-01-09T00:00:00Z,FUT,TOR,,PHI,,
2025020687,20252026,2,2026-01-08,2026-01-09T00:00:00Z,FUT,NJD,,PIT,,
2025020688,20252026,2,2026-01-08,2026-01-09T00:00:00Z,FUT,ANA,,CAR,,
2025020689,20252026,2,2026-01-08,2026-01-09T01:00:00Z,FUT,NYI,,NSH,,
2025020690,20252026,2,2026-01-08,2026-01-09T01:00:00Z,FUT,EDM,,WPG,,
2025020691,20252026,2,2026-01-08,2026-01-09T02:00:00Z,FUT,OTT,,COL,,
2025020692,20252026,2,2026-01-08,2026-01-09T03:00:00Z,FUT,CBJ,,VGK,,
2025020693,20252026,2,2026-01-08,2026-01-09T03:00:00Z,FUT,MIN,,SEA,,
2025020694,20252026,2,2026-01-09,2026-01-10T01:00:00Z,FUT,WSH,,CHI,,
2025020695,20252026,2,2026-01-09,2026-01-10T01:00:00Z,FUT,LAK,,WPG,,
2025020696,20252026,2,2026-01-09,2026-01-10T02:00:00Z,FUT,STL,,UTA,,
2025020697,20252026,2,2026-01-10,2026-01-10T18:00:00Z,FUT,NYR,,BOS,,
2025020698,20252026,2,2026-01-10,2026-01-10T20:30:00Z,FUT,CGY,,PIT,,
2025020699,20252026,2,2026-01-10,2026-01-10T21:00:00Z,FUT,CBJ,,COL,,
2025020700,20252026,2,2026-01-10,2026-01-10T21:00:00Z,FUT,DAL,,SJS,,
2025020701,20252026,2,2026-01-10,2026-01-11T00:00:00Z,FUT,ANA,,BUF,,
2025020702,20252026,2,2026-01-10,2026-01-11T00:00:00Z,FUT,VAN,,TOR,,
2025020703,20252026,2,2026-01-10,2026-01-11T00:00:00Z,FUT,DET,,MTL,,
2025020704,20252026,2,2026-01-10,2026-01-11T00:00:00Z,FUT,FLA,,OTT,,
2025020705,20252026,2,2026-01-10,2026-01-11T00:00:00Z,FUT,TBL,,PHI,,
2025020706,20252026,2,2026-01-10,2026-01-11T00:00:00Z,FUT,SEA,,CAR,,
2025020707,20252026,2,2026-01-10,2026-01-11T01:00:00Z,FUT,CHI,,NSH,,
2025020708,20252026,2,2026-01-10,2026-01-11T01:00:00Z,FUT,NYI,,MIN,,
2025020709,20252026,2,2026-01-10,2026-01-11T03:00:00Z,FUT,LAK,,EDM,,
2025020710,20252026,2,2026-01-10,2026-01-11T03:00:00Z,FUT,STL,,VGK,,
2025020711,20252026,2,2026-01-11,2026-01-11T19:00:00Z,FUT,NJD,,WPG,,
2025020712,20252026,2,2026-01-11,2026-01-11T22:00:00Z,FUT,PIT,,BOS,,
2025020713,20252026,2,2026-01-11,2026-01-12T00:00:00Z,FUT,WSH,,NSH,,
2025020714,20252026,2,2026-01-11,2026-01-12T00:00:00Z,FUT,CBJ,,UTA,,
2025020715,20252026,2,2026-01-11,2026-01-12T01:00:00Z,FUT,VGK,,SJS,,
2025020716,20252026,2,2026-01-12,2026-01-13T00:00:00Z,FUT,FLA,,BUF,,
2025020717,20252026,2,2026-01-12,2026-01-13T00:00:00Z,FUT,CAR,,DET,,
2025020718,20252026,2,2026-01-12,2026-01-13T00:00:00Z,FUT,SEA,,NYR,,
2025020719,20252026,2,2026-01-12,2026-01-13T00:00:00Z,FUT,TBL,,PHI,,
2025020720,20252026,2,2026-01-12,2026-01-13T00:30:00Z,FUT,VAN,,MTL,,
2025020721,20252026,2,2026-01-12,2026-01-13T01:00:00Z,FUT,NJD,,MIN,,
2025020722,20252026,2,2026-01-12,2026-01-13T01:30:00Z,FUT,EDM,,CHI,,
2025020723,20252026,2,2026-01-12,2026-01-13T03:00:00Z,FUT,TOR,,COL,,
2025020724,20252026,2,2026-01-12,2026-01-13T03:00:00Z,FUT,DAL,,LAK,,
2025020725,20252026,2,2026-01-13,2026-01-14T00:00:00Z,FUT,VAN,,OTT,,
2025020726,20252026,2,2026-01-13,2026-01-14T00:00:00Z,FUT,TBL,,PIT,,
2025020727,20252026,2,2026-01-13,2026-01-14T00:00:00Z,FUT,MTL,,WSH,,
2025020728,20252026,2,2026-01-13,2026-01-14T00:00:00Z,FUT,CGY,,CBJ,,
2025020729,20252026,2,2026-01-13,2026-01-14T00:30:00Z,FUT,DET,,BOS,,
2025020730,20252026,2,2026-01-13,2026-01-14T00:30:00Z,FUT,CAR,,STL,,
2025020731,20252026,2,2026-01-13,2026-01-14T01:00:00Z,FUT,EDM,,NSH,,
2025020732,20252026,2,2026-01-13,2026-01-14T01:00:00Z,FUT,NYI,,WPG,,
2025020733,20252026,2,2026-01-13,2026-01-14T03:00:00Z,FUT,TOR,,UTA,,
2025020734,20252026,2,2026-01-13,2026-01-14T03:00:00Z,FUT,DAL,,ANA,,
2025020735,20252026,2,2026-01-14,2026-01-15T00:00:00Z,FUT,SEA,,NJD,,
2025020736,20252026,2,2026-01-14,2026-01-15T00:30:00Z,FUT,PHI,,BUF,,
2025020737,20252026,2,2026-01-14,2026-01-15T00:30:00Z,FUT,OTT,,NYR,,
2025020738,20252026,2,2026-01-14,2026-01-15T03:00:00Z,FUT,VGK,,LAK,,
2025020739,20252026,2,2026-01-15,2026-01-16T00:00:00Z,FUT,SEA,,BOS,,
2025020740,20252026,2,2026-01-15,2026-01-16T00:00:00Z,FUT,MTL,,BUF,,
2025020741,20252026,2,2026-01-15,2026-01-16T00:00:00Z,FUT,PHI,,PIT,,
2025020742,20252026,2,2026-01-15,2026-01-16T00:00:00Z,FUT,SJS,,WSH,,
2025020743,20252026,2,2026-01-15,2026-01-16T00:00:00Z,FUT,VAN,,CBJ,,
2025020744,20252026,2,2026-01-15,2026-01-16T01:00:00Z,FUT,WPG,,MIN,,
2025020745,20252026,2,2026-01-15,2026-01-16T01:30:00Z,FUT,CGY,,CHI,,
2025020746,20252026,2,2026-01-15,2026-01-16T02:00:00Z,FUT,DAL,,UTA,,
2025020747,20252026,2,2026-01-15,2026-01-16T02:00:00Z,FUT,NYI,,EDM,,
2025020748,20252026,2,2026-01-15,2026-01-16T02:30:00Z,FUT,TOR,,VGK,,
2025020749,20252026,2,2026-01-16,2026-01-17T00:00:00Z,FUT,SJS,,DET,,
2025020750,20252026,2,2026-01-16,2026-01-17T00:00:00Z,FUT,FLA,,CAR,,
2025020751,20252026,2,2026-01-16,2026-01-17T01:00:00Z,FUT,TBL,,STL,,
2025020752,20252026,2,2026-01-16,2026-01-17T02:00:00Z,FUT,NSH,,COL,,
2025020753,20252026,2,2026-01-16,2026-01-17T03:30:00Z,FUT,ANA,,LAK,,
2025020754,20252026,2,2026-01-17,2026-01-17T17:30:00Z,FUT,MIN,,BUF,,
2025020755,20252026,2,2026-01-17,2026-01-17T18:00:00Z,FUT,NYR,,PHI,,
2025020756,20252026,2,2026-01-17,2026-01-17T20:00:00Z,FUT,NYI,,CGY,,
2025020757,20252026,2,2026-01-17,2026-01-17T22:00:00Z,FUT,SEA,,UTA,,
2025020758,20252026,2,2026-01-17,2026-01-18T00:00:00Z,FUT,MTL,,OTT,,
2025020759,20252026,2,2026-01-17,2026-01-18T00:00:00Z,FUT,CAR,,NJD,,
2025020760,20252026,2,2026-01-17,2026-01-18T00:00:00Z,FUT,CBJ,,PIT,,
2025020761,20252026,2,2026-01-17,2026-01-18T00:00:00Z,FUT,FLA,,WSH,,
2025020762,20252026,2,2026-01-17,2026-01-18T00:00:00Z,FUT,TOR,,WPG,,
2025020763,20252026,2,2026-01-17,2026-01-18T01:00:00Z,FUT,BOS,,CHI,,
2025020764,20252026,2,2026-01-17,2026-01-18T03:00:00Z,FUT,EDM,,VAN,,
2025020765,20252026,2,2026-01-17,2026-01-18T03:00:00Z,FUT,NSH,,VGK,,
2025020766,20252026,2,2026-01-17,2026-01-18T03:00:00Z,FUT,LAK,,ANA,,
2025020767,20252026,2,2026-01-18,2026-01-18T19:00:00Z,FUT,TBL,,DAL,,
2025020768,20252026,2,2026-01-18,2026-01-18T22:00:00Z,FUT,OTT,,DET,,
2025020769,20252026,2,2026-01-18,2026-01-19T01:00:00Z,FUT,STL,,EDM,,
2025020770,20252026,2,2026-01-19,2026-01-19T18:30:00Z,FUT,BUF,,CAR,,
2025020771,20252026,2,2026-01-19,2026-01-19T21:00:00Z,FUT,WSH,,COL,,
2025020772,20252026,2,2026-01-19,2026-01-19T22:00:00Z,FUT,PIT,,SEA,,
2025020773,20252026,2,2026-01-19,2026-01-20T00:00:00Z,FUT,SJS,,FLA,,
2025020774,20252026,2,2026-01-19,2026-01-20T00:30:00Z,FUT,MIN,,TOR,,
2025020775,20252026,2,2026-01-19,2026-01-20T01:00:00Z,FUT,PHI,,VGK,,
2025020776,20252026,2,2026-01-19,2026-01-20T01:30:00Z,FUT,WPG,,CHI,,
2025020777,20252026,2,2026-01-19,2026-01-20T02:00:00Z,FUT,NJD,,CGY,,
2025020778,20252026,2,2026-01-19,2026-01-20T03:00:00Z,FUT,NYI,,VAN,,
2025020779,20252026,2,2026-01-19,2026-01-20T03:00:00Z,FUT,NYR,,ANA,,
2025020780,20252026,2,2026-01-20,2026-01-21T00:00:00Z,FUT,MIN,,MTL,,
2025020781,20252026,2,2026-01-20,2026-01-21T00:00:00Z,FUT,SJS,,TBL,,
2025020782,20252026,2,2026-01-20,2026-01-21T00:00:00Z,FUT,OTT,,CBJ,,
2025020783,20252026,2,2026-01-20,2026-01-21T00:30:00Z,FUT,BOS,,DAL,,
2025020784,20252026,2,2026-01-20,2026-01-21T01:00:00Z,FUT,BUF,,NSH,,
2025020785,20252026,2,2026-01-20,2026-01-21T01:00:00Z,FUT,STL,,WPG,,
2025020786,20252026,2,2026-01-20,2026-01-21T03:00:00Z,FUT,NJD,,EDM,,
2025020787,20252026,2,2026-01-20,2026-01-21T03:00:00Z,FUT,NYR,,LAK,,
2025020788,20252026,2,2026-01-21,2026-01-22T00:00:00Z,FUT,DET,,TOR,,
2025020789,20252026,2,2026-01-21,2026-01-22T02:00:00Z,FUT,ANA,,COL,,
2025020790,20252026,2,2026-01-21,2026-01-22T02:00:00Z,FUT,PHI,,UTA,,
2025020791,20252026,2,2026-01-21,2026-01-22T02:30:00Z,FUT,PIT,,CGY,,
2025020792,20252026,2,2026-01-21,2026-01-22T03:00:00Z,FUT,WSH,,VAN,,
2025020793,20252026,2,2026-01-21,2026-01-22T02:30:00Z,FUT,NYI,,SEA,,
2025020794,20252026,2,2026-01-22,2026-01-23T00:00:00Z,FUT,VGK,,BOS,,
2025020795,20252026,2,2026-01-22,2026-01-23T00:00:00Z,FUT,BUF,,MTL,,
2025020796,20252026,2,2026-01-22,2026-01-23T00:00:00Z,FUT,CHI,,CAR,,
2025020797,20252026,2,2026-01-22,2026-01-23T00:00:00Z,FUT,DAL,,CBJ,,
2025020798,20252026,2,2026-01-22,2026-01-23T01:00:00Z,FUT,OTT,,NSH,,
2025020799,20252026,2,2026-01-22,2026-01-23T01:00:00Z,FUT,FLA,,WPG,,
2025020800,20252026,2,2026-01-22,2026-01-23T02:00:00Z,FUT,PIT,,EDM,,
2025020801,20252026,2,2026-01-22,2026-01-23T02:30:00Z,FUT,DET,,MIN,,
2025020802,20252026,2,2026-01-23,2026-01-24T00:00:00Z,FUT,VGK,,TOR,,
2025020803,20252026,2,2026-01-23,2026-01-24T00:00:00Z,FUT,TBL,,CHI,,
2025020804,20252026,2,2026-01-23,2026-01-24T01:00:00Z,FUT,STL,,DAL,,
2025020805,20252026,2,2026-01-23,2026-01-24T02:00:00Z,FUT,PHI,,COL,,
2025020806,20252026,2,2026-01-23,2026-01-24T02:00:00Z,FUT,WSH,,CGY,,
2025020807,20252026,2,2026-01-23,2026-01-24T03:00:00Z,FUT,NJD,,VAN,,
2025020808,20252026,2,2026-01-23,2026-01-24T03:00:00Z,FUT,NYR,,SJS,,
2025020809,20252026,2,2026-01-23,2026-01-24T03:00:00Z,FUT,ANA,,SEA,,
2025020810,20252026,2,2026-01-24,2026-01-24T18:00:00Z,FUT,BUF,,NYI,,
2025020811,20252026,2,2026-01-24,2026-01-24T20:30:00Z,FUT,UTA,,NSH,,
2025020812,20252026,2,2026-01-24,2026-01-25T00:00:00Z,FUT,MTL,,BOS,,
2025020813,20252026,2,2026-01-24,2026-01-25T00:00:00Z,FUT,CAR,,OTT,,
2025020814,20252026,2,2026-01-24,2026-01-25T00:00:00Z,FUT,TBL,,CBJ,,
2025020815,20252026,2,2026-01-24,2026-01-25T00:00:00Z,FUT,DET,,WPG,,
2025020816,20252026,2,2026-01-24,2026-01-25T01:00:00Z,FUT,LAK,,STL,,
2025020817,20252026,2,2026-01-24,2026-01-25T02:00:00Z,FUT,FLA,,MIN,,
2025020818,20252026,2,2026-01-24,2026-01-25T03:00:00Z,FUT,WSH,,EDM,,
2025020819,20252026,2,2026-01-25,2026-01-25T18:30:00Z,FUT,COL,,TOR,,
2025020820,20252026,2,2026-01-25,2026-01-25T21:00:00Z,FUT,NJD,,SEA,,
2025020821,20252026,2,2026-01-25,2026-01-25T22:00:00Z,FUT,VGK,,OTT,,
2025020822,20252026,2,2026-01-25,2026-01-25T23:00:00Z,FUT,PIT,,VAN,,
2025020823,20252026,2,2026-01-25,2026-01-26T00:00:00Z,FUT,FLA,,CHI,,
2025020824,20252026,2,2026-01-25,2026-01-26T01:00:00Z,FUT,ANA,,CGY,,
2025020825,20252026,2,2026-01-26,2026-01-27T00:00:00Z,FUT,UTA,,TBL,,
2025020826,20252026,2,2026-01-26,2026-01-27T00:00:00Z,FUT,BOS,,NYR,,
2025020827,20252026,2,2026-01-26,2026-01-27T00:00:00Z,FUT,NYI,,PHI,,
2025020828,20252026,2,2026-01-26,2026-01-27T00:00:00Z,FUT,LAK,,CBJ,,
2025020829,20252026,2,2026-01-26,2026-01-27T01:30:00Z,FUT,ANA,,EDM,,
2025020830,20252026,2,2026-01-27,2026-01-28T00:00:00Z,FUT,NSH,,BOS,,
2025020831,20252026,2,2026-01-27,2026-01-28T00:00:00Z,FUT,BUF,,TOR,,
2025020832,20252026,2,2026-01-27,2026-01-28T00:00:00Z,FUT,VGK,,MTL,,
2025020833,20252026,2,2026-01-27,2026-01-28T00:00:00Z,FUT,LAK,,DET,,
2025020834,20252026,2,2026-01-27,2026-01-28T00:00:00Z,FUT,UTA,,FLA,,
2025020835,20252026,2,2026-01-27,2026-01-28T00:00:00Z,FUT,WPG,,NJD,,
2025020836,20252026,2,2026-01-27,2026-01-28T01:00:00Z,FUT,DAL,,STL,,
2025020837,20252026,2,2026-01-27,2026-01-28T01:00:00Z,FUT,CHI,,MIN,,
2025020838,20252026,2,2026-01-27,2026-01-28T03:00:00Z,FUT,SJS,,VAN,,
2025020839,20252026,2,2026-01-27,2026-01-28T03:00:00Z,FUT,WSH,,SEA,,
2025020840,20252026,2,2026-01-28,2026-01-29T00:00:00Z,FUT,PHI,,CBJ,,
2025020841,20252026,2,2026-01-28,2026-01-29T00:30:00Z,FUT,COL,,OTT,,
2025020842,20252026,2,2026-01-28,2026-01-29T00:30:00Z,FUT,NYR,,NYI,,
2025020843,20252026,2,2026-01-29,2026-01-30T00:00:00Z,FUT,PHI,,BOS,,
2025020844,20252026,2,2026-01-29,2026-01-30T00:00:00Z,FUT,LAK,,BUF,,
2025020845,20252026,2,2026-01-29,2026-01-30T00:00:00Z,FUT,COL,,MTL,,
2025020846,20252026,2,2026-01-29,2026-01-30T00:30:00Z,FUT,WSH,,DET,,
2025020847,20252026,2,2026-01-29,2026-01-30T00:00:00Z,FUT,WPG,,TBL,,
2025020848,20252026,2,2026-01-29,2026-01-30T00:00:00Z,FUT,NSH,,NJD,,
2025020849,20252026,2,2026-01-29,2026-01-30T00:00:00Z,FUT,NYI,,NYR,,
2025020850,20252026,2,2026-01-29,2026-01-30T00:00:00Z,FUT,CHI,,PIT,,
2025020851,20252026,2,2026-01-29,2026-01-30T00:00:00Z,FUT,UTA,,CAR,,
2025020852,20252026,2,2026-01-29,2026-01-30T01:00:00Z,FUT,FLA,,STL,,
2025020853,20252026,2,2026-01-29,2026-01-30T01:00:00Z,FUT,CGY,,MIN,,
2025020854,20252026,2,2026-01-29,2026-01-30T02:00:00Z,FUT,SJS,,EDM,,
2025020855,20252026,2,2026-01-29,2026-01-30T03:00:00Z,FUT,ANA,,VAN,,
2025020856,20252026,2,2026-01-29,2026-01-30T03:00:00Z,FUT,DAL,,VGK,,
2025020857,20252026,2,2026-01-29,2026-01-30T03:00:00Z,FUT,TOR,,SEA,,
2025020858,20252026,2,2026-01-30,2026-01-31T01:30:00Z,FUT,CBJ,,CHI,,
2025020859,20252026,2,2026-01-31,2026-01-31T17:30:00Z,FUT,LAK,,PHI,,
2025020860,20252026,2,2026-01-31,2026-01-31T18:00:00Z,FUT,COL,,DET,,
2025020861,20252026,2,2026-01-31,2026-01-31T20:30:00Z,FUT,NYR,,PIT,,
2025020862,20252026,2,2026-01-31,2026-01-31T21:00:00Z,FUT,WPG,,FLA,,
2025020863,20252026,2,2026-01-31,2026-01-31T21:00:00Z,FUT,SJS,,CGY,,
2025020864,20252026,2,2026-01-31,2026-01-31T22:00:00Z,FUT,CAR,,WSH,,
2025020865,20252026,2,2026-01-31,2026-02-01T00:00:00Z,FUT,MTL,,BUF,,
2025020866,20252026,2,2026-01-31,2026-02-01T00:00:00Z,FUT,NJD,,OTT,,
2025020867,20252026,2,2026-01-31,2026-02-01T00:00:00Z,FUT,NSH,,NYI,,
2025020868,20252026,2,2026-01-31,2026-02-01T00:00:00Z,FUT,CBJ,,STL,,
2025020869,20252026,2,2026-01-31,2026-02-01T00:00:00Z,FUT,TOR,,VAN,,
2025020870,20252026,2,2026-01-31,2026-02-01T02:00:00Z,FUT,DAL,,UTA,,
2025020871,20252026,2,2026-01-31,2026-02-01T03:00:00Z,FUT,MIN,,EDM,,
2025020872,20252026,2,2026-01-31,2026-02-01T03:00:00Z,FUT,SEA,,VGK,,
2025020873,20252026,2,2026-02-01,2026-02-01T17:00:00Z,FUT,BOS,,TBL,,
2025020874,20252026,2,2026-02-01,2026-02-01T20:00:00Z,FUT,LAK,,CAR,,
2025020875,20252026,2,2026-02-01,2026-02-02T02:30:00Z,FUT,VGK,,ANA,,
2025020876,20252026,2,2026-02-02,2026-02-03T00:00:00Z,FUT,BUF,,FLA,,
2025020877,20252026,2,2026-02-02,2026-02-03T00:00:00Z,FUT,OTT,,PIT,,
2025020878,20252026,2,2026-02-02,2026-02-03T00:00:00Z,FUT,NYI,,WSH,,
2025020879,20252026,2,2026-02-02,2026-02-03T00:30:00Z,FUT,MTL,,MIN,,
2025020880,20252026,2,2026-02-02,2026-02-03T01:00:00Z,FUT,STL,,NSH,,
2025020881,20252026,2,2026-02-02,2026-02-03T01:30:00Z,FUT,SJS,,CHI,,
2025020882,20252026,2,2026-02-02,2026-02-03T01:30:00Z,FUT,WPG,,DAL,,
2025020883,20252026,2,2026-02-02,2026-02-03T02:00:00Z,FUT,DET,,COL,,
2025020884,20252026,2,2026-02-02,2026-02-03T02:30:00Z,FUT,VAN,,UTA,,
2025020885,20252026,2,2026-02-02,2026-02-03T03:00:00Z,FUT,TOR,,CGY,,
2025020886,20252026,2,2026-02-03,2026-02-04T00:30:00Z,FUT,BUF,,TBL,,
2025020887,20252026,2,2026-02-03,2026-02-04T00:00:00Z,FUT,CBJ,,NJD,,
2025020888,20252026,2,2026-02-03,2026-02-04T00:30:00Z,FUT,PIT,,NYI,,
2025020889,20252026,2,2026-02-03,2026-02-04T00:00:00Z,FUT,WSH,,PHI,,
2025020890,20252026,2,2026-02-03,2026-02-04T00:00:00Z,FUT,OTT,,CAR,,
2025020891,20252026,2,2026-02-03,2026-02-04T01:30:00Z,FUT,TOR,,EDM,,
2025020892,20252026,2,2026-02-03,2026-02-04T03:00:00Z,FUT,SEA,,ANA,,
2025020893,20252026,2,2026-02-04,2026-02-05T00:00:00Z,FUT,BOS,,FLA,,
2025020894,20252026,2,2026-02-04,2026-02-05T00:00:00Z,FUT,CHI,,CBJ,,
2025020895,20252026,2,2026-02-04,2026-02-05T00:00:00Z,FUT,MTL,,WPG,,
2025020896,20252026,2,2026-02-04,2026-02-05T01:00:00Z,FUT,MIN,,NSH,,
2025020897,20252026,2,2026-02-04,2026-02-05T02:00:00Z,FUT,SJS,,COL,,
2025020898,20252026,2,2026-02-04,2026-02-05T02:00:00Z,FUT,DET,,UTA,,
2025020899,20252026,2,2026-02-04,2026-02-05T02:30:00Z,FUT,STL,,DAL,,
2025020900,20252026,2,2026-02-04,2026-02-05T03:00:00Z,FUT,EDM,,CGY,,
2025020901,20252026,2,2026-02-04,2026-02-05T03:00:00Z,FUT,VAN,,VGK,,
2025020902,20252026,2,2026-02-04,2026-02-05T03:00:00Z,FUT,SEA,,LAK,,
2025020903,20252026,2,2026-02-05,2026-02-06T00:00:00Z,FUT,PIT,,BUF,,
2025020904,20252026,2,2026-02-05,2026-02-06T00:30:00Z,FUT,FLA,,TBL,,
2025020905,20252026,2,2026-02-05,2026-02-06T00:00:00Z,FUT,NYI,,NJD,,
2025020906,20252026,2,2026-02-05,2026-02-06T00:00:00Z,FUT,CAR,,NYR,,
2025020907,20252026,2,2026-02-05,2026-02-06T00:00:00Z,FUT,OTT,,PHI,,
2025020908,20252026,2,2026-02-05,2026-02-06T00:00:00Z,FUT,NSH,,WSH,,
2025020909,20252026,2,2026-02-05,2026-02-06T03:00:00Z,FUT,LAK,,VGK,,
2025020910,20252026,2,2026-02-25,2026-02-26T00:00:00Z,FUT,BUF,,NJD,,
2025020911,20252026,2,2026-02-25,2026-02-26T00:00:00Z,FUT,PHI,,WSH,,
2025020912,20252026,2,2026-02-25,2026-02-26T00:30:00Z,FUT,TOR,,TBL,,
2025020913,20252026,2,2026-02-25,2026-02-26T01:00:00Z,FUT,SEA,,DAL,,
2025020914,20252026,2,2026-02-25,2026-02-26T02:00:00Z,FUT,COL,,UTA,,
2025020915,20252026,2,2026-02-25,2026-02-26T03:00:00Z,FUT,WPG,,VAN,,
2025020916,20252026,2,2026-02-25,2026-02-26T03:00:00Z,FUT,VGK,,LAK,,
2025020917,20252026,2,2026-02-25,2026-02-26T03:30:00Z,FUT,EDM,,ANA,,
2025020918,20252026,2,2026-02-26,2026-02-27T00:00:00Z,FUT,CBJ,,BOS,,
2025020919,20252026,2,2026-02-26,2026-02-27T00:00:00Z,FUT,NYI,,MTL,,
2025020920,20252026,2,2026-02-26,2026-02-27T00:00:00Z,FUT,DET,,OTT,,
2025020921,20252026,2,2026-02-26,2026-02-27T00:00:00Z,FUT,TOR,,FLA,,
2025020922,20252026,2,2026-02-26,2026-02-27T00:00:00Z,FUT,NJD,,PIT,,
2025020923,20252026,2,2026-02-26,2026-02-27T00:00:00Z,FUT,TBL,,CAR,,
2025020924,20252026,2,2026-02-26,2026-02-27T01:00:00Z,FUT,PHI,,NYR,,
2025020925,20252026,2,2026-02-26,2026-02-27T01:00:00Z,FUT,SEA,,STL,,
2025020926,20252026,2,2026-02-26,2026-02-27T01:00:00Z,FUT,CHI,,NSH,,
2025020927,20252026,2,2026-02-26,2026-02-27T02:00:00Z,FUT,MIN,,COL,,
2025020928,20252026,2,2026-02-26,2026-02-27T03:00:00Z,FUT,CGY,,SJS,,
2025020929,20252026,2,2026-02-26,2026-02-27T03:30:00Z,FUT,EDM,,LAK,,
2025020930,20252026,2,2026-02-27,2026-02-28T00:00:00Z,FUT,BUF,,FLA,,
2025020931,20252026,2,2026-02-27,2026-02-28T00:00:00Z,FUT,VGK,,WSH,,
2025020932,20252026,2,2026-02-27,2026-02-28T02:00:00Z,FUT,MIN,,UTA,,
2025020933,20252026,2,2026-02-27,2026-02-28T03:00:00Z,FUT,WPG,,ANA,,
2025020934,20252026,2,2026-02-28,2026-02-28T17:30:00Z,FUT,PIT,,NYR,,
2025020935,20252026,2,2026-02-28,2026-02-28T20:00:00Z,FUT,BOS,,PHI,,
2025020936,20252026,2,2026-02-28,2026-02-28T21:00:00Z,FUT,EDM,,SJS,,
2025020937,20252026,2,2026-02-28,2026-02-28T23:00:00Z,FUT,NYI,,CBJ,,
2025020938,20252026,2,2026-02-28,2026-02-28T23:00:00Z,FUT,CHI,,COL,,
2025020939,20252026,2,2026-02-28,2026-03-01T00:00:00Z,FUT,OTT,,TOR,,
2025020940,20252026,2,2026-02-28,2026-03-01T00:00:00Z,FUT,WSH,,MTL,,
2025020941,20252026,2,2026-02-28,2026-03-01T00:00:00Z,FUT,BUF,,TBL,,
2025020942,20252026,2,2026-02-28,2026-03-01T00:00:00Z,FUT,DET,,CAR,,
2025020943,20252026,2,2026-02-28,2026-02-28T22:00:00Z,FUT,NJD,,STL,,
2025020944,20252026,2,2026-02-28,2026-03-01T00:00:00Z,FUT,CGY,,LAK,,
2025020945,20252026,2,2026-02-28,2026-03-01T01:00:00Z,FUT,NSH,,DAL,,
2025020946,20252026,2,2026-02-28,2026-03-01T03:00:00Z,FUT,VAN,,SEA,,
2025020947,20252026,2,2026-03-01,2026-03-01T18:00:00Z,FUT,VGK,,PIT,,
2025020948,20252026,2,2026-03-01,2026-03-01T23:30:00Z,FUT,FLA,,NYI,,
2025020949,20252026,2,2026-03-01,2026-03-01T21:00:00Z,FUT,CHI,,UTA,,
2025020950,20252026,2,2026-03-01,2026-03-01T21:00:00Z,FUT,WPG,,SJS,,
2025020951,20252026,2,2026-03-01,2026-03-01T22:00:00Z,FUT,STL,,MIN,,
2025020952,20252026,2,2026-03-01,2026-03-02T01:00:00Z,FUT,CGY,,ANA,,
2025020953,20252026,2,2026-03-02,2026-03-03T00:00:00Z,FUT,CBJ,,NYR,,
2025020954,20252026,2,2026-03-02,2026-03-03T00:30:00Z,FUT,PHI,,TOR,,
2025020955,20252026,2,2026-03-02,2026-03-03T01:00:00Z,FUT,DET,,NSH,,
2025020956,20252026,2,2026-03-02,2026-03-03T03:00:00Z,FUT,DAL,,VAN,,
2025020957,20252026,2,2026-03-02,2026-03-03T03:00:00Z,FUT,CAR,,SEA,,
2025020958,20252026,2,2026-03-02,2026-03-03T03:30:00Z,FUT,COL,,LAK,,
2025020959,20252026,2,2026-03-03,2026-03-04T00:00:00Z,FUT,PIT,,BOS,,
2025020960,20252026,2,2026-03-03,2026-03-04T00:00:00Z,FUT,VGK,,BUF,,
2025020961,20252026,2,2026-03-03,2026-03-04T00:00:00Z,FUT,FLA,,NJD,,
2025020962,20252026,2,2026-03-03,2026-03-04T00:00:00Z,FUT,UTA,,WSH,,
2025020963,20252026,2,2026-03-03,2026-03-04T00:00:00Z,FUT,NSH,,CBJ,,
2025020964,20252026,2,2026-03-03,2026-03-04T01:00:00Z,FUT,CHI,,WPG,,
2025020965,20252026,2,2026-03-03,2026-03-04T02:00:00Z,FUT,DAL,,CGY,,
2025020966,20252026,2,2026-03-03,2026-03-04T02:00:00Z,FUT,OTT,,EDM,,
2025020967,20252026,2,2026-03-03,2026-03-04T02:30:00Z,FUT,TBL,,MIN,,
2025020968,20252026,2,2026-03-03,2026-03-04T03:00:00Z,FUT,COL,,ANA,,
2025020969,20252026,2,2026-03-03,2026-03-04T03:00:00Z,FUT,MTL,,SJS,,
2025020970,20252026,2,2026-03-04,2026-03-05T00:00:00Z,FUT,VGK,,DET,,
2025020971,20252026,2,2026-03-04,2026-03-05T00:00:00Z,FUT,TOR,,NJD,,
2025020972,20252026,2,2026-03-04,2026-03-05T03:00:00Z,FUT,CAR,,VAN,,
2025020973,20252026,2,2026-03-04,2026-03-05T03:00:00Z,FUT,NYI,,ANA,,
2025020974,20252026,2,2026-03-04,2026-03-05T03:00:00Z,FUT,STL,,SEA,,
2025020975,20252026,2,2026-03-05,2026-03-06T00:00:00Z,FUT,TOR,,NYR,,
2025020976,20252026,2,2026-03-05,2026-03-06T00:00:00Z,FUT,UTA,,PHI,,
2025020977,20252026,2,2026-03-05,2026-03-06T00:00:00Z,FUT,BUF,,PIT,,
2025020978,20252026,2,2026-03-05,2026-03-06T00:00:00Z,FUT,FLA,,CBJ,,
2025020979,20252026,2,2026-03-05,2026-03-06T01:00:00Z,FUT,BOS,,NSH,,
2025020980,20252026,2,2026-03-05,2026-03-06T01:00:00Z,FUT,TBL,,WPG,,
2025020981,20252026,2,2026-03-05,2026-03-06T02:00:00Z,FUT,OTT,,CGY,,
2025020982,20252026,2,2026-03-05,2026-03-06T02:30:00Z,FUT,NYI,,LAK,,
2025020983,20252026,2,2026-03-06,2026-03-07T00:00:00Z,FUT,FLA,,DET,,
2025020984,20252026,2,2026-03-06,2026-03-07T01:00:00Z,FUT,COL,,DAL,,
2025020985,20252026,2,2026-03-06,2026-03-07T01:30:00Z,FUT,VAN,,CHI,,
2025020986,20252026,2,2026-03-06,2026-03-07T02:00:00Z,FUT,CAR,,EDM,,
2025020987,20252026,2,2026-03-06,2026-03-07T02:00:00Z,FUT,MTL,,ANA,,
2025020988,20252026,2,2026-03-06,2026-03-07T03:00:00Z,FUT,MIN,,VGK,,
2025020989,20252026,2,2026-03-06,2026-03-07T03:00:00Z,FUT,STL,,SJS,,
2025020990,20252026,2,2026-03-07,2026-03-07T17:30:00Z,FUT,WSH,,BOS,,
2025020991,20252026,2,2026-03-07,2026-03-07T20:00:00Z,FUT,NYR,,NJD,,
2025020992,20252026,2,2026-03-07,2026-03-07T22:30:00Z,FUT,NSH,,BUF,,
2025020993,20252026,2,2026-03-07,2026-03-07T22:30:00Z,FUT,PHI,,PIT,,
2025020994,20252026,2,2026-03-07,2026-03-08T00:00:00Z,FUT,TBL,,TOR,,
2025020995,20252026,2,2026-03-07,2026-03-08T00:00:00Z,FUT,UTA,,CBJ,,
2025020996,20252026,2,2026-03-07,2026-03-08T00:00:00Z,FUT,VAN,,WPG,,
2025020997,20252026,2,2026-03-07,2026-03-08T00:00:00Z,FUT,MTL,,LAK,,
2025020998,20252026,2,2026-03-07,2026-03-08T03:00:00Z,FUT,CAR,,CGY,,
2025020999,20252026,2,2026-03-07,2026-03-08T03:00:00Z,FUT,NYI,,SJS,,
2025021000,20252026,2,2026-03-07,2026-03-08T03:00:00Z,FUT,OTT,,SEA,,
2025021001,20252026,2,2026-03-08,2026-03-08T18:00:00Z,FUT,MIN,,COL,,
2025021002,20252026,2,2026-03-08,2026-03-08T20:30:00Z,FUT,BOS,,PIT,,
2025021003,20252026,2,2026-03-08,2026-03-08T22:00:00Z,FUT,TBL,,BUF,,
2025021004,20252026,2,2026-03-08,2026-03-08T22:00:00Z,FUT,CHI,,DAL,,
2025021005,20252026,2,2026-03-08,2026-03-08T23:00:00Z,FUT,DET,,NJD,,
2025021006,20252026,2,2026-03-08,2026-03-09T01:00:00Z,FUT,STL,,ANA,,
2025021007,20252026,2,2026-03-08,2026-03-09T01:30:00Z,FUT,EDM,,VGK,,
2025021008,20252026,2,2026-03-09,2026-03-09T23:00:00Z,FUT,NYR,,PHI,,
2025021009,20252026,2,2026-03-09,2026-03-09T23:00:00Z,FUT,CGY,,WSH,,
2025021010,20252026,2,2026-03-09,2026-03-10T00:30:00Z,FUT,UTA,,CHI,,
2025021011,20252026,2,2026-03-09,2026-03-10T01:00:00Z,FUT,OTT,,VAN,,
2025021012,20252026,2,2026-03-10,2026-03-10T23:00:00Z,FUT,LAK,,BOS,,
2025021013,20252026,2,2026-03-10,2026-03-10T23:00:00Z,FUT,SJS,,BUF,,
2025021014,20252026,2,2026-03-10,2026-03-10T23:00:00Z,FUT,TOR,,MTL,,
2025021015,20252026,2,2026-03-10,2026-03-10T23:00:00Z,FUT,CBJ,,TBL,,
2025021016,20252026,2,2026-03-10,2026-03-10T23:00:00Z,FUT,DET,,FLA,,
2025021017,20252026,2,2026-03-10,2026-03-10T23:00:00Z,FUT,CGY,,NYR,,
2025021018,20252026,2,2026-03-10,2026-03-10T23:00:00Z,FUT,PIT,,CAR,,
2025021019,20252026,2,2026-03-10,2026-03-10T23:30:00Z,FUT,NYI,,STL,,
2025021020,20252026,2,2026-03-10,2026-03-11T00:00:00Z,FUT,VGK,,DAL,,
2025021021,20252026,2,2026-03-10,2026-03-11T00:00:00Z,FUT,UTA,,MIN,,
2025021022,20252026,2,2026-03-10,2026-03-11T00:30:00Z,FUT,ANA,,WPG,,
2025021023,20252026,2,2026-03-10,2026-03-11T02:00:00Z,FUT,EDM,,COL,,
2025021024,20252026,2,2026-03-10,2026-03-11T02:00:00Z,FUT,NSH,,SEA,,
2025021025,20252026,2,2026-03-11,2026-03-11T23:30:00Z,FUT,MTL,,OTT,,
2025021026,20252026,2,2026-03-11,2026-03-11T23:30:00Z,FUT,WSH,,PHI,,
2025021027,20252026,2,2026-03-12,2026-03-12T23:00:00Z,FUT,SJS,,BOS,,
2025021028,20252026,2,2026-03-12,2026-03-12T23:00:00Z,FUT,WSH,,BUF,,
2025021029,20252026,2,2026-03-12,2026-03-12T23:00:00Z,FUT,ANA,,TOR,,
2025021030,20252026,2,2026-03-12,2026-03-12T23:00:00Z,FUT,DET,,TBL,,
2025021031,20252026,2,2026-03-12,2026-03-12T23:00:00Z,FUT,CBJ,,FLA,,
2025021032,20252026,2,2026-03-12,2026-03-12T23:00:00Z,FUT,CGY,,NJD,,
2025021033,20252026,2,2026-03-12,2026-03-12T23:00:00Z,FUT,STL,,CAR,,
2025021034,20252026,2,2026-03-12,2026-03-13T00:00:00Z,FUT,EDM,,DAL,,
2025021035,20252026,2,2026-03-12,2026-03-13T00:00:00Z,FUT,PHI,,MIN,,
2025021036,20252026,2,2026-03-12,2026-03-13T00:00:00Z,FUT,NYR,,WPG,,
2025021037,20252026,2,2026-03-12,2026-03-13T01:00:00Z,FUT,CHI,,UTA,,
2025021038,20252026,2,2026-03-12,2026-03-13T02:00:00Z,FUT,NSH,,VAN,,
2025021039,20252026,2,2026-03-12,2026-03-13T02:00:00Z,FUT,PIT,,VGK,,
2025021040,20252026,2,2026-03-12,2026-03-13T02:00:00Z,FUT,COL,,SEA,,
2025021041,20252026,2,2026-03-13,2026-03-13T23:00:00Z,FUT,LAK,,NYI,,
2025021042,20252026,2,2026-03-13,2026-03-14T00:00:00Z,FUT,EDM,,STL,,
2025021043,20252026,2,2026-03-14,2026-03-14T17:00:00Z,FUT,ANA,,OTT,,
2025021044,20252026,2,2026-03-14,2026-03-14T19:00:00Z,FUT,BOS,,WSH,,
2025021045,20252026,2,2026-03-14,2026-03-14T20:00:00Z,FUT,COL,,WPG,,
2025021046,20252026,2,2026-03-14,2026-03-14T22:00:00Z,FUT,NYR,,MIN,,
2025021047,20252026,2,2026-03-14,2026-03-14T23:00:00Z,FUT,TOR,,BUF,,
2025021048,20252026,2,2026-03-14,2026-03-14T23:00:00Z,FUT,SJS,,MTL,,
2025021049,20252026,2,2026-03-14,2026-03-14T23:00:00Z,FUT,CAR,,TBL,,
2025021050,20252026,2,2026-03-14,2026-03-14T23:00:00Z,FUT,LAK,,NJD,,
2025021051,20252026,2,2026-03-14,2026-03-14T23:00:00Z,FUT,CGY,,NYI,,
2025021052,20252026,2,2026-03-14,2026-03-14T23:30:00Z,FUT,CBJ,,PHI,,
2025021053,20252026,2,2026-03-14,2026-03-15T00:00:00Z,FUT,DET,,DAL,,
2025021054,20252026,2,2026-03-14,2026-03-15T01:00:00Z,FUT,PIT,,UTA,,
2025021055,20252026,2,2026-03-14,2026-03-15T02:00:00Z,FUT,SEA,,VAN,,
2025021056,20252026,2,2026-03-14,2026-03-15T02:00:00Z,FUT,CHI,,VGK,,
2025021057,20252026,2,2026-03-15,2026-03-15T19:00:00Z,FUT,STL,,WPG,,
2025021058,20252026,2,2026-03-15,2026-03-15T21:00:00Z,FUT,SJS,,OTT,,
2025021059,20252026,2,2026-03-15,2026-03-15T23:00:00Z,FUT,ANA,,MTL,,
2025021060,20252026,2,2026-03-15,2026-03-15T23:30:00Z,FUT,TOR,,MIN,,
2025021061,20252026,2,2026-03-15,2026-03-16T00:00:00Z,FUT,NSH,,EDM,,
2025021062,20252026,2,2026-03-15,2026-03-16T00:00:00Z,FUT,FLA,,SEA,,
2025021063,20252026,2,2026-03-16,2026-03-16T23:00:00Z,FUT,CGY,,DET,,
2025021064,20252026,2,2026-03-16,2026-03-16T23:00:00Z,FUT,BOS,,NJD,,
2025021065,20252026,2,2026-03-16,2026-03-16T23:00:00Z,FUT,LAK,,NYR,,
2025021066,20252026,2,2026-03-16,2026-03-17T00:00:00Z,FUT,UTA,,DAL,,
2025021067,20252026,2,2026-03-16,2026-03-17T01:30:00Z,FUT,PIT,,COL,,
2025021068,20252026,2,2026-03-17,2026-03-17T23:00:00Z,FUT,NYI,,TOR,,
2025021069,20252026,2,2026-03-17,2026-03-17T23:00:00Z,FUT,BOS,,MTL,,
2025021070,20252026,2,2026-03-17,2026-03-17T23:00:00Z,FUT,CAR,,CBJ,,
2025021071,20252026,2,2026-03-17,2026-03-18T00:00:00Z,FUT,NSH,,WPG,,
2025021072,20252026,2,2026-03-17,2026-03-17T23:30:00Z,FUT,MIN,,CHI,,
2025021073,20252026,2,2026-03-17,2026-03-18T01:00:00Z,FUT,SJS,,EDM,,
2025021074,20252026,2,2026-03-17,2026-03-18T02:00:00Z,FUT,FLA,,VAN,,
2025021075,20252026,2,2026-03-17,2026-03-18T02:00:00Z,FUT,BUF,,VGK,,
2025021076,20252026,2,2026-03-17,2026-03-18T02:00:00Z,FUT,TBL,,SEA,,
2025021077,20252026,2,2026-03-18,2026-03-18T23:00:00Z,FUT,NJD,,NYR,,
2025021078,20252026,2,2026-03-18,2026-03-18T23:00:00Z,FUT,PIT,,CAR,,
2025021079,20252026,2,2026-03-18,2026-03-18T23:30:00Z,FUT,OTT,,WSH,,
2025021080,20252026,2,2026-03-18,2026-03-19T01:30:00Z,FUT,DAL,,COL,,
2025021081,20252026,2,2026-03-18,2026-03-19T01:30:00Z,FUT,STL,,CGY,,
2025021082,20252026,2,2026-03-18,2026-03-19T02:00:00Z,FUT,PHI,,ANA,,
2025021083,20252026,2,2026-03-19,2026-03-19T23:00:00Z,FUT,WPG,,BOS,,
2025021084,20252026,2,2026-03-19,2026-03-19T23:00:00Z,FUT,NYI,,OTT,,
2025021085,20252026,2,2026-03-19,2026-03-19T23:00:00Z,FUT,MTL,,DET,,
2025021086,20252026,2,2026-03-19,2026-03-19T23:00:00Z,FUT,NYR,,CBJ,,
2025021087,20252026,2,2026-03-19,2026-03-20T00:00:00Z,FUT,SEA,,NSH,,
2025021088,20252026,2,2026-03-19,2026-03-19T23:30:00Z,FUT,CHI,,MIN,,
2025021089,20252026,2,2026-03-19,2026-03-20T01:00:00Z,FUT,FLA,,EDM,,
2025021090,20252026,2,2026-03-19,2026-03-20T02:00:00Z,FUT,TBL,,VAN,,
2025021091,20252026,2,2026-03-19,2026-03-20T02:00:00Z,FUT,UTA,,VGK,,
2025021092,20252026,2,2026-03-19,2026-03-20T02:00:00Z,FUT,BUF,,SJS,,
2025021093,20252026,2,2026-03-19,2026-03-20T02:30:00Z,FUT,PHI,,LAK,,
2025021094,20252026,2,2026-03-20,2026-03-20T23:00:00Z,FUT,CAR,,TOR,,
2025021095,20252026,2,2026-03-20,2026-03-20T23:00:00Z,FUT,NJD,,WSH,,
2025021096,20252026,2,2026-03-20,2026-03-21T00:30:00Z,FUT,COL,,CHI,,
2025021097,20252026,2,2026-03-20,2026-03-21T01:00:00Z,FUT,FLA,,CGY,,
2025021098,20252026,2,2026-03-20,2026-03-21T02:00:00Z,FUT,ANA,,UTA,,
2025021099,20252026,2,2026-03-21,2026-03-21T17:00:00Z,FUT,WPG,,PIT,,
2025021100,20252026,2,2026-03-21,2026-03-21T18:00:00Z,FUT,VGK,,NSH,,
2025021101,20252026,2,2026-03-21,2026-03-21T20:00:00Z,FUT,DAL,,MIN,,
2025021102,20252026,2,2026-03-21,2026-03-21T20:00:00Z,FUT,BUF,,LAK,,
2025021103,20252026,2,2026-03-21,2026-03-21T20:00:00Z,FUT,PHI,,SJS,,
2025021104,20252026,2,2026-03-21,2026-03-21T21:00:00Z,FUT,SEA,,CBJ,,
2025021105,20252026,2,2026-03-21,2026-03-21T23:00:00Z,FUT,NYI,,MTL,,
2025021106,20252026,2,2026-03-21,2026-03-21T23:00:00Z,FUT,TOR,,OTT,,
2025021107,20252026,2,2026-03-21,2026-03-21T23:00:00Z,FUT,STL,,VAN,,
2025021108,20252026,2,2026-03-21,2026-03-22T00:00:00Z,FUT,BOS,,DET,,
2025021109,20252026,2,2026-03-21,2026-03-22T02:00:00Z,FUT,TBL,,EDM,,
2025021110,20252026,2,2026-03-22,2026-03-22T16:00:00Z,FUT,WPG,,NYR,,
2025021111,20252026,2,2026-03-22,2026-03-22T16:30:00Z,FUT,COL,,WSH,,
2025021112,20252026,2,2026-03-22,2026-03-22T19:00:00Z,FUT,CAR,,PIT,,
2025021113,20252026,2,2026-03-22,2026-03-22T19:00:00Z,FUT,NSH,,CHI,,
2025021114,20252026,2,2026-03-22,2026-03-22T23:00:00Z,FUT,CBJ,,NYI,,
2025021115,20252026,2,2026-03-22,2026-03-22T23:00:00Z,FUT,VGK,,DAL,,
2025021116,20252026,2,2026-03-22,2026-03-23T00:00:00Z,FUT,TBL,,CGY,,
2025021117,20252026,2,2026-03-22,2026-03-23T00:00:00Z,FUT,BUF,,ANA,,
2025021118,20252026,2,2026-03-22,2026-03-23T01:00:00Z,FUT,LAK,,UTA,,
2025021119,20252026,2,2026-03-23,2026-03-23T23:30:00Z,FUT,OTT,,NYR,,
2025021120,20252026,2,2026-03-24,2026-03-24T23:00:00Z,FUT,TOR,,BOS,,
2025021121,20252026,2,2026-03-24,2026-03-24T23:00:00Z,FUT,CAR,,MTL,,
2025021122,20252026,2,2026-03-24,2026-03-24T23:00:00Z,FUT,OTT,,DET,,
2025021123,20252026,2,2026-03-24,2026-03-24T23:00:00Z,FUT,SEA,,FLA,,
2025021124,20252026,2,2026-03-24,2026-03-24T23:00:00Z,FUT,CHI,,NYI,,
2025021125,20252026,2,2026-03-24,2026-03-24T23:00:00Z,FUT,CBJ,,PHI,,
2025021126,20252026,2,2026-03-24,2026-03-24T23:00:00Z,FUT,COL,,PIT,,
2025021127,20252026,2,2026-03-24,2026-03-24T23:30:00Z,FUT,MIN,,TBL,,
2025021128,20252026,2,2026-03-24,2026-03-25T00:00:00Z,FUT,WSH,,STL,,
2025021129,20252026,2,2026-03-24,2026-03-25T00:00:00Z,FUT,SJS,,NSH,,
2025021130,20252026,2,2026-03-24,2026-03-25T00:00:00Z,FUT,NJD,,DAL,,
2025021131,20252026,2,2026-03-24,2026-03-25T00:00:00Z,FUT,VGK,,WPG,,
2025021132,20252026,2,2026-03-24,2026-03-25T01:30:00Z,FUT,EDM,,UTA,,
2025021133,20252026,2,2026-03-24,2026-03-25T01:00:00Z,FUT,LAK,,CGY,,
2025021134,20252026,2,2026-03-24,2026-03-25T02:00:00Z,FUT,ANA,,VAN,,
2025021135,20252026,2,2026-03-25,2026-03-25T23:00:00Z,FUT,BOS,,BUF,,
2025021136,20252026,2,2026-03-25,2026-03-25T23:30:00Z,FUT,NYR,,TOR,,
2025021137,20252026,2,2026-03-26,2026-03-26T23:00:00Z,FUT,CBJ,,MTL,,
2025021138,20252026,2,2026-03-26,2026-03-26T23:00:00Z,FUT,PIT,,OTT,,
2025021139,20252026,2,2026-03-26,2026-03-26T23:00:00Z,FUT,SEA,,TBL,,
2025021140,20252026,2,2026-03-26,2026-03-26T23:00:00Z,FUT,MIN,,FLA,,
2025021141,20252026,2,2026-03-26,2026-03-26T23:00:00Z,FUT,DAL,,NYI,,
2025021142,20252026,2,2026-03-26,2026-03-26T23:00:00Z,FUT,CHI,,PHI,,
2025021143,20252026,2,2026-03-26,2026-03-27T00:00:00Z,FUT,SJS,,STL,,
2025021144,20252026,2,2026-03-26,2026-03-27T00:00:00Z,FUT,NJD,,NSH,,
2025021145,20252026,2,2026-03-26,2026-03-27T00:00:00Z,FUT,COL,,WPG,,
2025021146,20252026,2,2026-03-26,2026-03-27T01:00:00Z,FUT,WSH,,UTA,,
2025021147,20252026,2,2026-03-26,2026-03-27T01:00:00Z,FUT,ANA,,CGY,,
2025021148,20252026,2,2026-03-26,2026-03-27T01:30:00Z,FUT,EDM,,VGK,,
2025021149,20252026,2,2026-03-26,2026-03-27T02:00:00Z,FUT,LAK,,VAN,,
2025021150,20252026,2,2026-03-27,2026-03-27T23:00:00Z,FUT,DET,,BUF,,
2025021151,20252026,2,2026-03-27,2026-03-27T23:00:00Z,FUT,CHI,,NYR,,
2025021152,20252026,2,2026-03-28,2026-03-28T17:00:00Z,FUT,OTT,,TBL,,
2025021153,20252026,2,2026-03-28,2026-03-28T17:00:00Z,FUT,FLA,,NYI,,
2025021154,20252026,2,2026-03-28,2026-03-28T19:30:00Z,FUT,ANA,,EDM,,
2025021155,20252026,2,2026-03-28,2026-03-28T21:00:00Z,FUT,MIN,,BOS,,
2025021156,20252026,2,2026-03-28,2026-03-28T21:00:00Z,FUT,DAL,,PIT,,
2025021157,20252026,2,2026-03-28,2026-03-28T21:00:00Z,FUT,NJD,,CAR,,
2025021158,20252026,2,2026-03-28,2026-03-28T21:00:00Z,FUT,SJS,,CBJ,,
2025021159,20252026,2,2026-03-28,2026-03-28T21:30:00Z,FUT,SEA,,BUF,,
2025021160,20252026,2,2026-03-28,2026-03-28T23:00:00Z,FUT,TOR,,STL,,
2025021161,20252026,2,2026-03-28,2026-03-28T23:00:00Z,FUT,MTL,,NSH,,
2025021162,20252026,2,2026-03-28,2026-03-28T23:00:00Z,FUT,WPG,,COL,,
2025021163,20252026,2,2026-03-28,2026-03-29T00:00:00Z,FUT,PHI,,DET,,
2025021164,20252026,2,2026-03-28,2026-03-29T01:00:00Z,FUT,UTA,,LAK,,
2025021165,20252026,2,2026-03-28,2026-03-29T02:00:00Z,FUT,VAN,,CGY,,
2025021166,20252026,2,2026-03-28,2026-03-29T02:30:00Z,FUT,WSH,,VGK,,
2025021167,20252026,2,2026-03-29,2026-03-29T17:00:00Z,FUT,FLA,,NYR,,
2025021168,20252026,2,2026-03-29,2026-03-29T21:00:00Z,FUT,NSH,,TBL,,
2025021169,20252026,2,2026-03-29,2026-03-29T21:00:00Z,FUT,MTL,,CAR,,
2025021170,20252026,2,2026-03-29,2026-03-29T21:00:00Z,FUT,BOS,,CBJ,,
2025021171,20252026,2,2026-03-29,2026-03-29T23:00:00Z,FUT,CHI,,NJD,,
2025021172,20252026,2,2026-03-29,2026-03-29T23:00:00Z,FUT,DAL,,PHI,,
2025021173,20252026,2,2026-03-30,2026-03-30T23:00:00Z,FUT,PIT,,NYI,,
2025021174,20252026,2,2026-03-30,2026-03-31T00:30:00Z,FUT,CGY,,COL,,
2025021175,20252026,2,2026-03-30,2026-03-31T02:00:00Z,FUT,VAN,,VGK,,
2025021176,20252026,2,2026-03-30,2026-03-31T02:00:00Z,FUT,TOR,,ANA,,
2025021177,20252026,2,2026-03-30,2026-03-31T02:00:00Z,FUT,STL,,SJS,,
2025021178,20252026,2,2026-03-31,2026-03-31T23:00:00Z,FUT,DAL,,BOS,,
2025021179,20252026,2,2026-03-31,2026-03-31T23:00:00Z,FUT,NYI,,BUF,,
2025021180,20252026,2,2026-03-31,2026-03-31T23:00:00Z,FUT,MTL,,TBL,,
2025021181,20252026,2,2026-03-31,2026-03-31T23:00:00Z,FUT,OTT,,FLA,,
2025021182,20252026,2,2026-03-31,2026-03-31T23:00:00Z,FUT,NJD,,NYR,,
2025021183,20252026,2,2026-03-31,2026-03-31T23:00:00Z,FUT,DET,,PIT,,
2025021184,20252026,2,2026-03-31,2026-03-31T23:00:00Z,FUT,PHI,,WSH,,
2025021185,20252026,2,2026-03-31,2026-03-31T23:30:00Z,FUT,CAR,,CBJ,,
2025021186,20252026,2,2026-03-31,2026-04-01T00:30:00Z,FUT,WPG,,CHI,,
2025021187,20252026,2,2026-03-31,2026-04-01T01:00:00Z,FUT,SEA,,EDM,,
2025021188,20252026,2,2026-04-01,2026-04-02T00:30:00Z,FUT,VAN,,COL,,
2025021189,20252026,2,2026-04-01,2026-04-02T01:00:00Z,FUT,STL,,LAK,,
2025021190,20252026,2,2026-04-01,2026-04-02T02:00:00Z,FUT,ANA,,SJS,,
2025021191,20252026,2,2026-04-02,2026-04-02T23:00:00Z,FUT,BUF,,OTT,,
2025021192,20252026,2,2026-04-02,2026-04-02T23:00:00Z,FUT,PIT,,TBL,,
2025021193,20252026,2,2026-04-02,2026-04-02T23:00:00Z,FUT,BOS,,FLA,,
2025021194,20252026,2,2026-04-02,2026-04-02T23:30:00Z,FUT,WSH,,NJD,,
2025021195,20252026,2,2026-04-02,2026-04-02T23:00:00Z,FUT,MTL,,NYR,,
2025021196,20252026,2,2026-04-02,2026-04-02T23:00:00Z,FUT,DET,,PHI,,
2025021197,20252026,2,2026-04-02,2026-04-02T23:00:00Z,FUT,CBJ,,CAR,,
2025021198,20252026,2,2026-04-02,2026-04-03T00:00:00Z,FUT,WPG,,DAL,,
2025021199,20252026,2,2026-04-02,2026-04-03T00:00:00Z,FUT,VAN,,MIN,,
2025021200,20252026,2,2026-04-02,2026-04-03T01:00:00Z,FUT,CHI,,EDM,,
2025021201,20252026,2,2026-04-02,2026-04-03T02:00:00Z,FUT,CGY,,VGK,,
2025021202,20252026,2,2026-04-02,2026-04-03T02:00:00Z,FUT,TOR,,SJS,,
2025021203,20252026,2,2026-04-02,2026-04-03T02:00:00Z,FUT,UTA,,SEA,,
2025021204,20252026,2,2026-04-02,2026-04-03T02:30:00Z,FUT,NSH,,LAK,,
2025021205,20252026,2,2026-04-03,2026-04-03T23:00:00Z,FUT,PHI,,NYI,,
2025021206,20252026,2,2026-04-03,2026-04-04T02:00:00Z,FUT,STL,,ANA,,
2025021207,20252026,2,2026-04-04,2026-04-04T16:30:00Z,FUT,DET,,NYR,,
2025021208,20252026,2,2026-04-04,2026-04-04T17:00:00Z,FUT,MIN,,OTT,,
2025021209,20252026,2,2026-04-04,2026-04-04T19:00:00Z,FUT,COL,,DAL,,
2025021210,20252026,2,2026-04-04,2026-04-04T21:00:00Z,FUT,BOS,,TBL,,
2025021211,20252026,2,2026-04-04,2026-04-04T21:00:00Z,FUT,FLA,,PIT,,
2025021212,20252026,2,2026-04-04,2026-04-04T23:00:00Z,FUT,MTL,,NJD,,
2025021213,20252026,2,2026-04-04,2026-04-04T23:00:00Z,FUT,BUF,,WSH,,
2025021214,20252026,2,2026-04-04,2026-04-04T23:00:00Z,FUT,NYI,,CAR,,
2025021215,20252026,2,2026-04-04,2026-04-04T23:00:00Z,FUT,WPG,,CBJ,,
2025021216,20252026,2,2026-04-04,2026-04-04T23:00:00Z,FUT,UTA,,VAN,,
2025021217,20252026,2,2026-04-04,2026-04-04T23:00:00Z,FUT,TOR,,LAK,,
2025021218,20252026,2,2026-04-04,2026-04-05T02:00:00Z,FUT,VGK,,EDM,,
2025021219,20252026,2,2026-04-04,2026-04-05T02:00:00Z,FUT,CGY,,ANA,,
2025021220,20252026,2,2026-04-04,2026-04-05T02:00:00Z,FUT,NSH,,SJS,,
2025021221,20252026,2,2026-04-04,2026-04-05T02:00:00Z,FUT,CHI,,SEA,,
2025021222,20252026,2,2026-04-05,2026-04-05T17:00:00Z,FUT,MIN,,DET,,
2025021223,20252026,2,2026-04-05,2026-04-05T19:00:00Z,FUT,FLA,,PIT,,
2025021224,20252026,2,2026-04-05,2026-04-05T19:30:00Z,FUT,BOS,,PHI,,
2025021225,20252026,2,2026-04-05,2026-04-05T21:00:00Z,FUT,CAR,,OTT,,
2025021226,20252026,2,2026-04-05,2026-04-05T23:00:00Z,FUT,NJD,,MTL,,
2025021227,20252026,2,2026-04-05,2026-04-05T23:00:00Z,FUT,WSH,,NYR,,
2025021228,20252026,2,2026-04-05,2026-04-06T01:30:00Z,FUT,STL,,COL,,
2025021229,20252026,2,2026-04-06,2026-04-06T23:00:00Z,FUT,TBL,,BUF,,
2025021230,20252026,2,2026-04-06,2026-04-06T23:30:00Z,FUT,SEA,,WPG,,
2025021231,20252026,2,2026-04-06,2026-04-07T02:00:00Z,FUT,CHI,,SJS,,
2025021232,20252026,2,2026-04-06,2026-04-07T02:30:00Z,FUT,NSH,,LAK,,
2025021233,20252026,2,2026-04-07,2026-04-07T23:00:00Z,FUT,FLA,,MTL,,
2025021234,20252026,2,2026-04-07,2026-04-07T23:00:00Z,FUT,TBL,,OTT,,
2025021235,20252026,2,2026-04-07,2026-04-07T23:00:00Z,FUT,CBJ,,DET,,
2025021236,20252026,2,2026-04-07,2026-04-07T23:00:00Z,FUT,PHI,,NJD,,
2025021237,20252026,2,2026-04-07,2026-04-07T23:00:00Z,FUT,BOS,,CAR,,
2025021238,20252026,2,2026-04-07,2026-04-08T00:00:00Z,FUT,COL,,STL,,
2025021239,20252026,2,2026-04-07,2026-04-08T00:00:00Z,FUT,CGY,,DAL,,
2025021240,20252026,2,2026-04-07,2026-04-08T00:00:00Z,FUT,SEA,,MIN,,
2025021241,20252026,2,2026-04-07,2026-04-08T01:30:00Z,FUT,EDM,,UTA,,
2025021242,20252026,2,2026-04-07,2026-04-08T02:00:00Z,FUT,VGK,,VAN,,
2025021243,20252026,2,2026-04-07,2026-04-08T02:00:00Z,FUT,NSH,,ANA,,
2025021244,20252026,2,2026-04-08,2026-04-08T23:00:00Z,FUT,BUF,,NYR,,
2025021245,20252026,2,2026-04-08,2026-04-08T23:30:00Z,FUT,WSH,,TOR,,
2025021246,20252026,2,2026-04-08,2026-04-09T02:00:00Z,FUT,EDM,,SJS,,
2025021247,20252026,2,2026-04-09,2026-04-09T23:00:00Z,FUT,CBJ,,BUF,,
2025021248,20252026,2,2026-04-09,2026-04-09T23:00:00Z,FUT,TBL,,MTL,,
2025021249,20252026,2,2026-04-09,2026-04-09T23:00:00Z,FUT,FLA,,OTT,,
2025021250,20252026,2,2026-04-09,2026-04-09T23:00:00Z,FUT,PHI,,DET,,
2025021251,20252026,2,2026-04-09,2026-04-09T23:00:00Z,FUT,PIT,,NJD,,
2025021252,20252026,2,2026-04-09,2026-04-09T22:45:00Z,FUT,TOR,,NYI,,
2025021253,20252026,2,2026-04-09,2026-04-10T00:00:00Z,FUT,WPG,,STL,,
2025021254,20252026,2,2026-04-09,2026-04-10T01:00:00Z,FUT,MIN,,DAL,,
2025021255,20252026,2,2026-04-09,2026-04-10T00:30:00Z,FUT,CAR,,CHI,,
2025021256,20252026,2,2026-04-09,2026-04-10T01:00:00Z,FUT,CGY,,COL,,
2025021257,20252026,2,2026-04-09,2026-04-10T01:00:00Z,FUT,NSH,,UTA,,
2025021258,20252026,2,2026-04-09,2026-04-10T02:00:00Z,FUT,SJS,,ANA,,
2025021259,20252026,2,2026-04-09,2026-04-10T02:00:00Z,FUT,VGK,,SEA,,
2025021260,20252026,2,2026-04-09,2026-04-10T02:30:00Z,FUT,VAN,,LAK,,
2025021261,20252026,2,2026-04-11,2026-04-11T16:30:00Z,FUT,TBL,,BOS,,
2025021262,20252026,2,2026-04-11,2026-04-11T17:00:00Z,FUT,OTT,,NYI,,
2025021263,20252026,2,2026-04-11,2026-04-11T19:00:00Z,FUT,WSH,,PIT,,
2025021264,20252026,2,2026-04-11,2026-04-11T20:00:00Z,FUT,EDM,,LAK,,
2025021265,20252026,2,2026-04-11,2026-04-11T21:00:00Z,FUT,NJD,,DET,,
2025021266,20252026,2,2026-04-11,2026-04-11T21:00:00Z,FUT,STL,,CHI,,
2025021267,20252026,2,2026-04-11,2026-04-11T21:00:00Z,FUT,MIN,,NSH,,
2025021268,20252026,2,2026-04-11,2026-04-11T21:00:00Z,FUT,NYR,,DAL,,
2025021269,20252026,2,2026-04-11,2026-04-11T21:00:00Z,FUT,CAR,,UTA,,
2025021270,20252026,2,2026-04-11,2026-04-11T23:00:00Z,FUT,FLA,,TOR,,
2025021271,20252026,2,2026-04-11,2026-04-11T23:00:00Z,FUT,CBJ,,MTL,,
2025021272,20252026,2,2026-04-11,2026-04-11T23:00:00Z,FUT,PHI,,WPG,,
2025021273,20252026,2,2026-04-11,2026-04-11T23:00:00Z,FUT,CGY,,SEA,,
2025021274,20252026,2,2026-04-11,2026-04-12T00:00:00Z,FUT,VGK,,COL,,
2025021275,20252026,2,2026-04-11,2026-04-12T02:00:00Z,FUT,VAN,,SJS,,
2025021276,20252026,2,2026-04-12,2026-04-12T19:00:00Z,FUT,PIT,,WSH,,
2025021277,20252026,2,2026-04-12,2026-04-12T22:00:00Z,FUT,MTL,,NYI,,
2025021278,20252026,2,2026-04-12,2026-04-12T22:00:00Z,FUT,BOS,,CBJ,,
2025021279,20252026,2,2026-04-12,2026-04-12T23:00:00Z,FUT,OTT,,NJD,,
2025021280,20252026,2,2026-04-12,2026-04-13T00:00:00Z,FUT,VAN,,ANA,,
2025021281,20252026,2,2026-04-12,2026-04-13T01:00:00Z,FUT,UTA,,CGY,,
2025021282,20252026,2,2026-04-13,2026-04-13T23:00:00Z,FUT,DET,,TBL,,
2025021283,20252026,2,2026-04-13,2026-04-13T23:00:00Z,FUT,NYR,,FLA,,
2025021284,20252026,2,2026-04-13,2026-04-13T23:00:00Z,FUT,CAR,,PHI,,
2025021285,20252026,2,2026-04-13,2026-04-13T23:30:00Z,FUT,DAL,,TOR,,
2025021286,20252026,2,2026-04-13,2026-04-14T00:00:00Z,FUT,MIN,,STL,,
2025021287,20252026,2,2026-04-13,2026-04-14T00:00:00Z,FUT,SJS,,NSH,,
2025021288,20252026,2,2026-04-13,2026-04-14T00:30:00Z,FUT,BUF,,CHI,,
2025021289,20252026,2,2026-04-13,2026-04-14T01:30:00Z,FUT,COL,,EDM,,
2025021290,20252026,2,2026-04-13,2026-04-14T02:00:00Z,FUT,WPG,,VGK,,
2025021291,20252026,2,2026-04-13,2026-04-14T01:30:00Z,FUT,LAK,,SEA,,
2025021292,20252026,2,2026-04-14,2026-04-14T23:00:00Z,FUT,NJD,,BOS,,
2025021293,20252026,2,2026-04-14,2026-04-14T23:00:00Z,FUT,CAR,,NYI,,
2025021294,20252026,2,2026-04-14,2026-04-14T23:00:00Z,FUT,MTL,,PHI,,
2025021295,20252026,2,2026-04-14,2026-04-14T23:00:00Z,FUT,WSH,,CBJ,,
2025021296,20252026,2,2026-04-14,2026-04-15T00:00:00Z,FUT,ANA,,MIN,,
2025021297,20252026,2,2026-04-14,2026-04-15T01:00:00Z,FUT,WPG,,UTA,,
2025021298,20252026,2,2026-04-14,2026-04-15T01:00:00Z,FUT,COL,,CGY,,
2025021299,20252026,2,2026-04-14,2026-04-15T01:30:00Z,FUT,PIT,,STL,,
2025021300,20252026,2,2026-04-14,2026-04-15T02:00:00Z,FUT,LAK,,VAN,,
2025021301,20252026,2,2026-04-15,2026-04-15T23:00:00Z,FUT,DAL,,BUF,,
2025021302,20252026,2,2026-04-15,2026-04-15T23:00:00Z,FUT,NYR,,TBL,,
2025021303,20252026,2,2026-04-15,2026-04-15T23:00:00Z,FUT,DET,,FLA,,
2025021304,20252026,2,2026-04-15,2026-04-15T23:30:00Z,FUT,TOR,,OTT,,
2025021305,20252026,2,2026-04-15,2026-04-16T00:30:00Z,FUT,SJS,,CHI,,
2025021306,20252026,2,2026-04-15,2026-04-16T02:00:00Z,FUT,SEA,,VGK,,
2025021307,20252026,2,2026-04-16,2026-04-17T00:00:00Z,FUT,ANA,,NSH,,
2025021308,20252026,2,2026-04-16,2026-04-17T00:00:00Z,FUT,SJS,,WPG,,
2025021309,20252026,2,2026-04-16,2026-04-17T00:00:00Z,FUT,STL,,UTA,,
2025021310,20252026,2,2026-04-16,2026-04-17T01:00:00Z,FUT,LAK,,CGY,,
2025021311,20252026,2,2026-04-16,2026-04-17T01:00:00Z,FUT,VAN,,EDM,,
2025021312,20252026,2,2026-04-16,2026-04-17T02:30:00Z,FUT,SEA,,COL,,
