birthDate,draftOverall,draftYear,height,nationalityCode,playerId,shootsCatches,weight,positionCode,Name
1993-10-12,44.0,2012.0,73,USA,8476931,L,210,D,Jake McCabe
1992-10-29,151.0,2012.0,73,CAN,8476525,R,200,D,Colin Miller
1993-08-13,104.0,2011.0,69,USA,8476346,L,163,L,Johnny Gaudreau
2000-02-25,14.0,2018.0,72,USA,8480797,L,186,L,Joel Farabee
1994-12-09,,,69,CAN,8479066,L,184,L,Ryan Lomberg
1997-12-01,57.0,2016.0,72,SWE,8479336,L,200,R,Carl Grundstrom
2001-04-30,,,71,CAN,8481789,L,202,L,Tye Kartye
1991-12-13,16.0,2010.0,73,RUS,8475765,L,219,R,Vladimir Tarasenko
1993-06-17,58.0,2011.0,72,RUS,8476453,L,173,R,Nikita Kucherov
1990-02-07,1.0,2008.0,73,CAN,8474564,R,193,C,Steven Stamkos
1996-04-13,186.0,2015.0,76,CAN,8478904,L,219,C,Steven Lorentz
2000-12-09,57.0,2019.0,76,CAN,8481541,L,224,D,Samuel Bolduc
1987-07-26,95.0,2007.0,73,USA,8474166,L,210,D,Alec Martinez
2000-07-22,43.0,2018.0,68,RUS,8481016,L,170,C,Ruslan Iskhakov
1994-01-20,6.0,2012.0,76,SWE,8476854,L,217,D,Hampus Lindholm
2005-07-17,1.0,2023.0,70,CAN,8484144,R,190,C,Connor Bedard
1997-05-26,16.0,2015.0,73,CAN,8478445,R,186,C,Mathew Barzal
1989-05-08,148.0,2008.0,75,CAN,8474709,L,215,L,Matt Martin
2000-07-06,3.0,2018.0,75,FIN,8480829,L,212,C,Jesperi Kotkaniemi
1994-03-25,,,77,CAN,8477073,L,233,L,Kurtis MacDermid
1993-03-15,7.0,2011.0,75,CAN,8476460,R,207,C,Mark Scheifele
2000-02-07,167.0,2020.0,74,SWE,8482496,L,179,C,Nils Aman
2003-02-26,47.0,2021.0,68,CAN,8482702,R,165,C,Logan Stankoven
1994-03-09,5.0,2012.0,73,CAN,8476853,L,219,D,Morgan Rielly
1997-04-15,32.0,2015.0,74,USA,8478432,R,212,R,Christian Fischer
1993-05-05,30.0,2011.0,73,SWE,8476483,R,194,R,Rickard Rakell
1994-04-11,55.0,2014.0,72,CAN,8477986,R,199,D,Brandon Montour
1998-08-27,159.0,2016.0,74,CAN,8479542,L,186,L,Brandon Hagel
2001-02-25,21.0,2019.0,74,CAN,8481591,L,217,R,Sam Poulin
2001-06-09,,,74,USA,8484287,R,196,D,Cole McWard
1990-06-07,114.0,2008.0,74,CAN,8474673,L,187,D,TJ Brodie
1993-12-21,15.0,2012.0,75,CAN,8476879,R,210,D,Cody Ceci
1997-02-05,96.0,2015.0,76,CAN,8478462,R,200,C,Nicolas Roy
1997-04-02,76.0,2016.0,71,CAN,8479514,L,186,C,Rem Pitlick
2002-11-15,24.0,2021.0,71,USA,8482713,R,180,R,Mackie Samoskevich
1996-09-09,142.0,2016.0,72,USA,8479591,L,195,C,Michael Eyssimont
1997-02-25,23.0,2015.0,73,USA,8478444,R,208,R,Brock Boeser
1997-03-11,24.0,2015.0,70,CAN,8478439,R,192,R,Travis Konecny
1998-06-07,100.0,2016.0,69,CAN,8479376,L,187,D,Victor Mete
1994-04-06,,,74,RUS,8480950,R,206,D,Ilya Lyubushkin
1997-04-28,52.0,2015.0,75,CAN,8478468,L,225,D,Jeremy Lauzon
1999-08-16,11.0,2017.0,75,CAN,8480014,R,216,C,Gabriel Vilardi
2002-01-10,44.0,2020.0,77,USA,8482095,L,225,D,Tyler Kleven
2004-02-15,2.0,2022.0,73,SVK,8483495,R,190,D,Simon Nemec
2001-05-26,52.0,2019.0,74,BLR,8481609,L,198,D,Vladislav Kolyachonok
1995-08-26,80.0,2013.0,72,CAN,8477407,L,198,L,Anthony Duclair
2003-09-09,4.0,2021.0,74,USA,8482684,L,198,D,Luke Hughes
2000-07-27,28.0,2018.0,73,SWE,8480878,R,194,D,Nils Lundkvist
1994-05-07,95.0,2012.0,75,CAN,8476981,R,226,R,Josh Anderson
1987-11-18,72.0,2006.0,71,CAN,8473504,R,215,R,Cal Clutterbuck
1993-04-20,78.0,2012.0,71,USA,8476906,L,183,D,Shayne Gostisbehere
1993-11-05,50.0,2012.0,73,CAN,8476925,R,200,C,Colton Sissons
1999-09-21,40.0,2018.0,75,CAN,8480802,L,204,C,Ryan McLeod
1999-08-16,11.0,2017.0,75,CAN,8480014,R,216,C,Gabriel Vilardi
1990-06-07,114.0,2008.0,74,CAN,8474673,L,187,D,TJ Brodie
2002-11-14,55.0,2021.0,76,CAN,8482861,R,220,D,Vincent Iorio
1994-08-07,60.0,2012.0,74,CAN,8476923,R,204,D,Damon Severson
1994-03-09,67.0,2012.0,74,USA,8476907,L,193,L,Mackenzie MacEachern
1991-11-14,1.0,2010.0,73,CAN,8475791,L,210,L,Taylor Hall
1997-05-21,154.0,2015.0,73,USA,8478507,R,200,D,John Marino
1990-07-29,,,75,CZE,8480172,R,204,D,Jan Rutta
1988-05-11,71.0,2006.0,69,CAN,8473419,L,180,L,Brad Marchand
1994-04-07,,,70,CAN,8479442,R,184,D,Troy Stecher
1992-01-30,54.0,2010.0,76,USA,8475718,R,194,D,Justin Holl
1993-07-11,64.0,2011.0,71,USA,8476389,R,187,C,Vincent Trocheck
1999-06-02,,,76,CAN,8483407,L,222,D,Brandon Scanlin
1994-02-02,47.0,2012.0,72,CAN,8476934,L,191,L,Brock McGinn
1998-03-13,160.0,2016.0,73,CAN,8479543,L,222,L,Michael Pezzetta
2001-02-24,95.0,2019.0,71,CAN,8481606,R,188,D,Jordan Spence
1997-12-04,15.0,2016.0,72,USA,8479316,R,197,C,Luke Kunin
1996-05-24,,,71,CHE,8480459,L,172,C,Pius Suter
1992-06-25,,,72,USA,8477851,L,181,D,Jordan Oesterle
1994-09-11,18.0,2012.0,71,FIN,8476882,L,191,C,Teuvo Teravainen
1999-01-05,,,76,SWE,8483619,L,200,D,Filip Roos
2000-03-01,200.0,2018.0,73,CAN,8481006,L,204,D,Tyler Tucker
1989-02-21,18.0,2007.0,73,USA,8474013,L,237,D,Ian Cole
2002-05-13,75.0,2020.0,71,CAN,8482147,R,177,C,Jean-Luc Foudy
1996-03-23,,,71,FIN,8481641,L,185,L,Joel Kiviranta
2001-04-05,12.0,2019.0,74,USA,8481557,L,201,L,Matt Boldy
1996-09-13,29.0,2014.0,74,SWE,8477960,L,200,R,Adrian Kempe
1993-05-01,179.0,2011.0,73,CAN,8476331,R,194,D,Dylan DeMelo
1996-05-15,,,73,USA,8478970,R,209,D,Jalen Chatfield
2000-08-02,69.0,2019.0,73,CZE,8481206,L,210,D,John Ludvig
1997-11-06,,,73,CAN,8483549,L,218,L,Lucas Condotta
1998-05-12,47.0,2016.0,70,CAN,8479398,L,170,D,Samuel Girard
1994-11-09,61.0,2013.0,76,USA,8477482,L,206,L,Zachary Sanford
1996-03-29,17.0,2014.0,76,CAN,8477948,L,222,D,Travis Sanheim
2003-09-10,34.0,2021.0,70,CAN,8482803,L,193,D,Olen Zellweger
2001-01-06,91.0,2019.0,78,BLR,8481656,L,250,C,Aliaksei Protas
1996-02-17,139.0,2017.0,70,SWE,8480222,L,180,D,Sebastian Aho
2001-01-28,16.0,2019.0,71,CAN,8481618,L,200,C,Alex Newhook
1988-11-20,22.0,2007.0,74,USA,8474157,L,217,L,Max Pacioretty
1999-10-12,120.0,2018.0,72,CHE,8480798,L,190,C,Philipp Kurashev
1998-10-30,4.0,2017.0,72,CAN,8480069,R,187,D,Cale Makar
2000-04-11,53.0,2018.0,71,CAN,8480884,R,173,D,Calen Addison
1990-10-06,24.0,2009.0,73,SWE,8475149,L,203,L,Marcus Johansson
1997-02-16,50.0,2015.0,78,USA,8478413,L,231,L,Jordan Greenway
1994-09-22,14.0,2013.0,74,SWE,8477505,L,190,C,Alexander Wennberg
1993-12-21,15.0,2012.0,75,CAN,8476879,R,210,D,Cody Ceci
1992-09-08,5.0,2010.0,74,CHE,8475799,L,218,R,Nino Niederreiter
1999-12-10,,,72,USA,8482634,L,199,C,Alex Steeves
1997-01-25,5.0,2015.0,75,USA,8478396,L,206,D,Noah Hanifin
2001-01-15,25.0,2019.0,72,CAN,8481580,L,180,C,Connor McMichael
1999-08-25,63.0,2017.0,71,SWE,8480188,R,208,L,Fabian Zetterlund
2002-10-18,5.0,2021.0,72,CAN,8482660,L,170,C,Kent Johnson
1994-03-09,5.0,2012.0,73,CAN,8476853,L,219,D,Morgan Rielly
1994-01-05,14.0,2012.0,75,LVA,8476878,L,197,C,Zemgus Girgensons
1998-09-02,42.0,2017.0,75,FIN,8480185,L,191,C,Eetu Luostarinen
1999-07-19,132.0,2017.0,73,SWE,8480216,L,180,C,Jacob Peterson
2000-06-24,15.0,2018.0,71,RUS,8480844,R,198,L,Grigori Denisenko
1996-09-20,58.0,2015.0,75,SWE,8478831,R,213,C,Kevin Stenlund
1996-06-19,,,72,USA,8483401,R,179,R,Marc Johnstone
1992-05-29,,,73,USA,8477887,R,217,C,Patrick Brown
1998-06-25,9.0,2016.0,75,RUS,8479410,L,212,D,Mikhail Sergachev
1990-10-29,14.0,2009.0,73,RUS,8475179,L,212,D,Dmitry Kulikov
1998-03-29,27.0,2016.0,74,CAN,8479353,L,201,C,Brett Howden
2001-09-28,141.0,2020.0,75,CAN,8482192,L,205,D,Isaak Phillips
1997-02-09,120.0,2015.0,73,CAN,8478472,L,189,R,Mathieu Joseph
2001-04-25,81.0,2019.0,75,CAN,8481655,R,210,R,Cole Schwindt
1999-11-16,115.0,2018.0,74,USA,8481032,L,213,L,Paul Cotter
1999-07-06,,,74,SVK,8483597,L,210,L,Milos Kelemen
1998-09-17,49.0,2017.0,71,CAN,8479983,L,200,D,Mario Ferraro
1999-01-11,,,72,USA,8483531,R,207,L,Brian Halonen
1995-12-12,171.0,2014.0,71,USA,8478099,R,185,R,Kevin Labanc
1995-07-28,118.0,2013.0,75,USA,8477392,R,214,R,Hudson Fasching
1985-03-09,20.0,2003.0,77,CAN,8470613,R,228,D,Brent Burns
1997-04-02,26.0,2015.0,74,CAN,8478454,R,201,D,Noah Juulsen
1995-07-28,118.0,2013.0,75,USA,8477392,R,214,R,Hudson Fasching
1994-08-10,,,73,USA,8479944,L,203,C,Zach Aston-Reese
1993-04-20,147.0,2012.0,75,CAN,8477018,L,209,D,Ben Hutton
2000-01-04,131.0,2018.0,72,USA,8481056,L,184,D,Spencer Stastney
1995-04-16,16.0,2013.0,79,RUS,8477507,L,255,D,Nikita Zadorov
1998-11-15,,,71,USA,8483570,L,194,C,Ben Meyers
1998-02-03,12.0,2016.0,74,CAN,8479415,R,190,C,Michael McLeod
1986-12-29,,,70,USA,8478585,R,185,C,Derek Ryan
1991-08-02,4.0,2009.0,74,CAN,8475169,L,218,L,Evander Kane
1994-08-13,11.0,2012.0,73,SWE,8476887,R,205,L,Filip Forsberg
1995-08-07,,,71,CAN,8480776,R,173,R,Sheldon Rempal
1999-05-14,27.0,2017.0,72,CAN,8480028,L,193,C,Morgan Frost
1996-05-12,16.0,2014.0,72,USA,8477947,L,205,L,Sonny Milano
1992-01-16,59.0,2010.0,71,USA,8475722,L,198,L,Jason Zucker
1993-07-28,,,71,CAN,8478542,R,182,C,Evan Rodrigues
1996-10-08,115.0,2015.0,71,CAN,8478851,R,174,D,Alexandre Carrier
1990-05-15,22.0,2008.0,71,CAN,8474586,R,180,R,Jordan Eberle
2002-01-18,16.0,2020.0,75,CAN,8482087,L,202,D,Kaiden Guhle
1999-10-14,7.0,2018.0,70,USA,8480800,L,180,D,Quinn Hughes
1990-12-27,,,69,CAN,8476539,R,185,R,Jonathan Marchessault
1997-07-26,35.0,2015.0,72,FIN,8478427,L,189,C,Sebastian Aho
2002-10-17,57.0,2021.0,75,USA,8482720,L,232,L,Matthew Knies
1996-05-15,128.0,2014.0,75,USA,8478057,L,218,C,Dakota Joshua
2001-02-01,210.0,2019.0,75,FIN,8481704,L,207,C,Juuso Parssinen
1992-02-04,144.0,2010.0,72,CAN,8475842,R,202,C,Sam Carrick
1988-11-19,1.0,2007.0,70,USA,8474141,L,176,R,Patrick Kane
1992-05-13,178.0,2010.0,75,CAN,8475913,R,210,R,Mark Stone
2000-10-26,79.0,2019.0,73,RUS,8481604,L,194,R,Pavel Dorofeyev
1995-03-10,121.0,2013.0,70,USA,8477353,L,194,C,Tyler Motte
1998-10-30,36.0,2017.0,73,SWE,8480003,L,191,C,Jesper Boqvist
1995-08-21,191.0,2013.0,74,CZE,8477330,L,192,L,Dominik Kubalik
1996-08-15,138.0,2014.0,73,SWE,8478067,L,191,L,Oskar Lindblom
1996-05-25,25.0,2014.0,72,CZE,8477956,R,199,R,David Pastrnak
1994-12-09,,,69,CAN,8479066,L,184,L,Ryan Lomberg
1991-01-18,,,73,USA,8477846,R,198,C,Ryan Carpenter
2003-02-05,6.0,2021.0,78,SWE,8482762,L,222,D,Simon Edvinsson
1992-05-19,26.0,2010.0,74,RUS,8475744,L,207,C,Evgeny Kuznetsov
1995-03-10,121.0,2013.0,70,USA,8477353,L,194,C,Tyler Motte
1996-10-28,2.0,2015.0,74,USA,8478403,R,208,C,Jack Eichel
1997-10-30,26.0,2016.0,78,USA,8479420,R,220,C,Tage Thompson
2002-08-08,33.0,2020.0,74,FIN,8482162,L,184,L,Roby Jarventie
1994-04-03,169.0,2012.0,70,USA,8476994,R,183,C,Vincent Hinostroza
1990-06-05,66.0,2010.0,72,CZE,8475462,R,208,D,Radko Gudas
2002-03-24,87.0,2020.0,72,CAN,8482088,R,195,R,Justin Sourdif
1999-01-15,12.0,2017.0,75,CZE,8480039,R,195,C,Martin Necas
1995-12-14,33.0,2014.0,72,RUS,8477964,L,203,L,Ivan Barbashev
1996-04-01,67.0,2014.0,74,CAN,8477998,L,204,L,Warren Foegele
2000-07-07,71.0,2018.0,72,USA,8480887,L,189,D,Jordan Harris
2002-05-15,65.0,2020.0,73,CAN,8482094,L,193,D,Daemon Hunt
1991-09-25,51.0,2010.0,72,SWE,8475714,R,193,C,Calle Jarnkrok
2001-01-15,184.0,2019.0,73,FIN,8481701,L,191,D,Santeri Hatakka
1994-01-06,105.0,2012.0,74,CAN,8476967,L,192,D,Brett Kulak
1997-01-13,1.0,2015.0,73,CAN,8478402,L,194,C,Connor McDavid
1992-05-29,,,73,USA,8477887,R,217,C,Patrick Brown
1991-10-07,160.0,2011.0,75,CAN,8476312,R,218,D,Josh Manson
1990-02-01,,,72,USA,8477126,R,190,C,Jayson Megna
1991-01-21,66.0,2009.0,76,CAN,8475188,L,215,D,Brayden McNabb
1994-07-29,,,73,CAN,8477070,L,215,C,Liam O'Brien
1998-06-15,169.0,2017.0,76,USA,8480246,R,206,D,Nick Perbix
1998-10-06,16.0,2017.0,74,FIN,8479976,L,201,D,Juuso Välimäki
1990-07-03,152.0,2009.0,75,USA,8475314,L,234,L,Anders Lee
2003-11-28,6.0,2022.0,76,CZE,8483460,R,204,D,David Jiricek
1991-07-17,6.0,2009.0,74,SWE,8475171,L,190,D,Oliver Ekman-Larsson
2000-11-29,27.0,2019.0,75,USA,8481518,L,196,L,Nolan Foote
1991-12-01,,,71,USA,8478569,R,204,C,Noel Acciari
2002-11-14,13.0,2021.0,70,USA,8482679,R,183,R,Matt Coronato
1991-05-27,122.0,2010.0,72,USA,8475780,R,192,R,Chris Wagner
1989-11-02,5.0,2008.0,74,CAN,8474568,R,225,D,Luke Schenn
1995-03-31,,,72,USA,8480748,R,194,L,Kiefer Sherwood
1998-02-25,135.0,2016.0,77,FIN,8479533,L,216,L,Joona Koppanen
1992-04-20,10.0,2010.0,77,CAN,8475795,R,240,D,Dylan McIlrath
1991-08-22,5.0,2009.0,73,CAN,8475170,L,200,C,Brayden Schenn
2001-02-01,210.0,2019.0,75,FIN,8481704,L,207,C,Juuso Parssinen
1996-05-15,,,73,USA,8478970,R,209,D,Jalen Chatfield
1986-12-29,,,70,USA,8478585,R,185,C,Derek Ryan
1992-06-25,14.0,2010.0,70,CAN,8475768,L,185,L,Jaden Schwartz
1995-07-04,55.0,2013.0,71,FIN,8477476,L,179,L,Artturi Lehkonen
1995-03-28,3.0,2013.0,71,CAN,8477494,L,189,L,Jonathan Drouin
2003-02-16,50.0,2021.0,70,RUS,8482787,L,170,R,Nikita Chibrikov
1997-12-13,,,69,USA,8481481,L,176,C,Blake Lizotte
1999-07-26,,,72,USA,8483397,R,202,C,Marc McLaughlin
2004-01-05,4.0,2022.0,72,CAN,8483524,R,192,C,Shane Wright
1994-04-06,,,74,RUS,8480950,R,206,D,Ilya Lyubushkin
2000-03-30,,,75,RUS,8481178,L,200,D,Egor Zamula
2000-09-10,114.0,2019.0,77,RUS,8481716,L,234,L,Dmitri Voronkov
1998-03-11,,,71,CAN,8482061,L,170,L,Brandon Biro
2002-11-22,1.0,2021.0,78,CAN,8482671,L,226,D,Owen Power
1997-01-30,18.0,2015.0,73,CAN,8478469,L,200,D,Thomas Chabot
1994-08-22,22.0,2012.0,74,FIN,8476874,L,207,D,Olli Määttä
2003-08-06,150.0,2021.0,72,CAN,8482749,L,192,R,Joshua Roy
1995-12-25,86.0,2014.0,71,CAN,8478017,R,185,D,Mark Friedman
1990-05-07,,,71,USA,8477244,R,189,D,Chad Ruhwedel
1996-09-20,58.0,2015.0,75,SWE,8478831,R,213,C,Kevin Stenlund
2001-04-06,22.0,2019.0,72,SWE,8481600,L,200,D,Tobias Bjornfot
1991-03-23,182.0,2009.0,71,FIN,8475287,L,191,L,Erik Haula
1987-01-08,17.0,2006.0,73,USA,8473453,R,205,C,Trevor Lewis
1992-12-10,210.0,2012.0,78,USA,8477034,L,214,D,Jaycob Megna
1987-01-13,3.0,2005.0,74,USA,8471677,L,225,D,Jack Johnson
2002-04-08,6.0,2020.0,71,CAN,8482142,R,185,D,Jamie Drysdale
2001-02-01,21.0,2020.0,73,RUS,8482475,L,203,R,Yegor Chinakhov
2001-01-26,17.0,2019.0,72,CAN,8481522,L,188,C,Peyton Krebs
2000-06-27,55.0,2018.0,78,CAN,8480860,L,230,D,Kevin Bahl
1988-04-20,173.0,2007.0,73,USA,8474009,L,198,C,Nick Bonino
1999-05-05,19.0,2017.0,74,USA,8480064,L,196,C,Josh Norris
1995-07-18,181.0,2014.0,71,SWE,8478109,L,180,L,Victor Olofsson
1991-03-12,119.0,2009.0,72,CAN,8475278,R,195,C,Byron Froese
1998-03-17,34.0,2016.0,75,USA,8479369,R,214,D,Andrew Peeke
1992-07-25,,,72,CAN,8475958,L,179,C,Michael Sgarbossa
1985-03-09,20.0,2003.0,77,CAN,8470613,R,228,D,Brent Burns
1996-03-13,79.0,2014.0,71,CAN,8478010,R,177,C,Brayden Point
1994-05-23,74.0,2012.0,75,FIN,8476902,L,217,D,Esa Lindell
1990-01-18,4.0,2008.0,75,CAN,8474565,R,215,D,Alex Pietrangelo
2001-12-13,35.0,2021.0,72,CAN,8482858,L,195,D,Ryker Evans
1996-02-28,,,73,CAN,8478178,R,202,D,Darren Raddysh
2000-01-02,51.0,2018.0,72,CAN,8480851,R,195,C,Akil Thomas
2001-01-15,25.0,2019.0,72,CAN,8481580,L,180,C,Connor McMichael
1993-07-13,98.0,2011.0,74,USA,8476422,L,191,D,Mike Reilly
1991-04-30,19.0,2009.0,75,USA,8475184,L,232,L,Chris Kreider
1997-08-18,179.0,2017.0,71,USA,8480292,R,187,R,Carson Meyer
1999-11-19,105.0,2018.0,74,SVK,8481028,L,173,C,Martin Pospisil
1992-05-11,80.0,2010.0,71,USA,8475810,R,202,R,Bryan Rust
1991-11-28,75.0,2011.0,71,USA,8476399,L,199,L,Blake Coleman
1993-07-20,68.0,2011.0,71,CAN,8476393,L,191,C,Nick Cousins
1994-04-22,77.0,2012.0,72,CAN,8476905,L,201,C,Chandler Stephenson
1985-09-17,1.0,2004.0,75,RUS,8471214,R,238,L,Alex Ovechkin
1998-08-18,45.0,2018.0,70,USA,8481059,L,175,D,Scott Perunovich
1999-05-11,109.0,2017.0,76,SVK,8480008,L,215,C,Adam Ruzicka
1996-04-03,149.0,2014.0,72,CAN,8478078,L,201,C,Rourke Chartier
1998-07-20,99.0,2016.0,77,CAN,8479419,L,228,L,Brett Murray
1997-01-25,5.0,2015.0,75,USA,8478396,L,206,D,Noah Hanifin
1995-09-02,2.0,2013.0,75,FIN,8477493,L,214,C,Aleksander Barkov
2002-01-18,23.0,2020.0,74,CAN,8482159,R,215,R,Tyson Foerster
1999-02-12,208.0,2017.0,76,USA,8480274,R,214,D,Phil Kemp
1988-01-12,22.0,2006.0,71,CAN,8473512,R,186,R,Claude Giroux
1989-08-10,6.0,2007.0,71,CAN,8474040,R,200,C,Sam Gagner
2002-01-23,7.0,2020.0,72,SWE,8482125,R,198,R,Alexander Holtz
1998-10-05,,,75,FIN,8484321,R,213,D,Nikolas Matinpalo
2000-01-04,131.0,2018.0,72,USA,8481056,L,184,D,Spencer Stastney
1997-04-06,6.0,2015.0,76,CZE,8478401,L,211,C,Pavel Zacha
2001-03-07,26.0,2019.0,70,CAN,8481592,L,172,L,Jakob Pelletier
1995-06-18,,,77,CAN,8478975,L,212,L,Mason Marchment
1991-10-29,,,74,RUS,8479458,R,192,D,Nikita Zaitsev
1999-06-17,,,72,USA,8484255,R,198,R,Jason Polin
1998-06-19,73.0,2016.0,72,USA,8479315,R,207,R,Joey Anderson
2000-02-06,54.0,2018.0,74,CAN,8480870,L,202,C,Bo Groulx
1995-02-09,23.0,2013.0,75,SWE,8477444,L,203,L,Andre Burakovsky
1995-06-14,,,74,USA,8480762,L,220,L,Eric Robinson
1999-09-02,15.0,2017.0,70,SWE,8480073,L,185,D,Erik Brannstrom
1997-07-15,72.0,2015.0,73,CAN,8478519,L,193,C,Anthony Cirelli
1989-03-28,9.0,2007.0,73,CAN,8474053,L,206,C,Logan Couture
1993-04-08,112.0,2014.0,70,SWE,8478042,R,181,L,Viktor Arvidsson
2003-05-14,23.0,2021.0,73,CAN,8482740,R,187,C,Wyatt Johnston
1999-10-02,126.0,2018.0,70,CAN,8481065,L,183,C,Angus Crookshank
2002-06-09,,,76,CAN,8483045,R,215,R,Cameron Butler
2001-01-30,,,76,CAN,8482964,L,240,D,Arber Xhekaj
2001-09-23,14.0,2020.0,73,CAN,8482077,L,207,L,Dylan Holloway
1998-06-20,17.0,2016.0,72,CAN,8479371,R,200,D,Dante Fabbro
1994-02-21,108.0,2014.0,73,CAN,8478038,L,191,D,Devon Toews
1995-02-24,58.0,2013.0,74,CAN,8477479,L,200,L,Tyler Bertuzzi
1999-09-16,4.0,2018.0,76,USA,8480801,L,226,L,Brady Tkachuk
1990-02-07,1.0,2008.0,73,CAN,8474564,R,193,C,Steven Stamkos
1997-11-07,80.0,2016.0,71,CAN,8479330,L,195,C,Brandon Gignac
1997-05-29,,,74,CAN,8479661,L,221,L,Tanner Jeannot
1997-11-02,53.0,2016.0,72,CZE,8479425,R,190,D,Filip Hronek
1995-01-12,,,74,CZE,8480144,L,198,C,David Kampf
1995-10-24,19.0,2014.0,72,USA,8477950,R,190,D,Tony DeAngelo
2004-01-14,13.0,2022.0,70,USA,8483493,R,190,C,Frank Nazar
1998-04-19,2.0,2016.0,76,FIN,8479339,R,208,L,Patrik Laine
2002-02-09,22.0,2020.0,72,CAN,8482148,L,195,C,Hendrix Lapierre
1999-04-22,30.0,2017.0,70,FIN,8480009,L,182,R,Eeli Tolvanen
1995-08-03,26.0,2013.0,74,CAN,8477447,L,197,D,Shea Theodore
1996-02-27,,,71,CAN,8478146,L,192,C,Matthew Highmore
1999-11-15,31.0,2018.0,76,RUS,8480823,L,230,D,Alexander Alexeyev
2002-01-08,30.0,2020.0,71,CAN,8482145,R,187,C,Mavrik Bourque
1992-05-19,26.0,2010.0,74,RUS,8475744,L,207,C,Evgeny Kuznetsov
1996-10-03,149.0,2015.0,73,USA,8478874,R,190,R,Adam Gaudette
1998-07-20,67.0,2017.0,75,CAN,8479987,R,212,C,Morgan Geekie
1997-05-26,16.0,2015.0,73,CAN,8478445,R,186,C,Mathew Barzal
1996-06-12,126.0,2014.0,73,SWE,8478055,L,199,D,Gustav Forsling
1996-07-30,15.0,2014.0,73,USA,8477946,L,204,C,Dylan Larkin
1993-03-14,15.0,2011.0,72,USA,8476468,L,211,C,J.T. Miller
1994-05-01,120.0,2012.0,75,USA,8476958,L,207,D,Jaccob Slavin
2003-04-15,31.0,2021.0,75,CAN,8482733,R,212,D,Logan Mailloux
2001-01-29,41.0,2019.0,75,CAN,8481527,R,206,D,Kaedan Korczak
1998-01-26,,,73,USA,8482070,R,197,R,Mitchell Chaffee
1996-09-11,118.0,2016.0,72,USA,8479525,L,194,C,Ross Colton
1990-05-24,102.0,2009.0,77,SWE,8475218,L,225,D,Mattias Ekholm
1996-11-28,,,74,CAN,8480727,R,210,D,Zach Whitecloud
1993-06-15,37.0,2011.0,74,CAN,8476432,L,204,C,Boone Jenner
2000-06-23,150.0,2020.0,75,USA,8482516,R,212,D,Matthew Kessel
1996-12-08,,,73,SVK,8484326,L,190,D,Patrik Koch
1991-05-09,12.0,2009.0,73,CAN,8475177,L,192,D,Calvin de Haan
1989-05-08,13.0,2007.0,74,DNK,8474189,L,207,C,Lars Eller
1995-03-04,10.0,2013.0,76,RUS,8477501,L,210,R,Valeri Nichushkin
2000-02-04,18.0,2018.0,73,CAN,8480853,L,186,C,Liam Foudy
1997-12-21,14.0,2016.0,73,USA,8479325,R,211,D,Charlie McAvoy
1991-05-09,12.0,2009.0,73,CAN,8475177,L,192,D,Calvin de Haan
1996-02-01,,,72,USA,8481462,L,208,L,Mason Morelli
1999-10-20,10.0,2018.0,75,CAN,8480803,R,192,D,Evan Bouchard
1991-10-15,30.0,2010.0,76,USA,8475754,L,205,C,Brock Nelson
1987-11-18,72.0,2006.0,71,CAN,8473504,R,215,R,Cal Clutterbuck
1999-01-15,12.0,2017.0,75,CZE,8480039,R,195,C,Martin Necas
1993-04-20,147.0,2012.0,75,CAN,8477018,L,209,D,Ben Hutton
1999-04-27,,,70,CAN,8480468,L,185,L,James Hamblin
1994-09-20,30.0,2013.0,72,USA,8477451,R,197,R,Ryan Hartman
1985-09-17,1.0,2004.0,75,RUS,8471214,R,238,L,Alex Ovechkin
1999-04-06,180.0,2017.0,69,USA,8480252,R,167,C,Cole Guttman
1995-03-14,180.0,2013.0,73,SWE,8477320,L,191,L,Anton Blidh
2001-01-06,91.0,2019.0,78,BLR,8481656,L,250,C,Aliaksei Protas
1996-08-02,62.0,2014.0,75,CAN,8477993,L,183,C,Justin Kirkland
1997-01-29,25.0,2015.0,73,USA,8478458,R,198,C,Jack Roslovic
1992-07-31,4.0,2010.0,75,CAN,8475793,R,218,C,Ryan Johansen
1997-02-11,121.0,2015.0,73,USA,8478854,L,200,D,Ryan Shea
2001-07-05,151.0,2019.0,72,FIN,8481699,R,170,R,Aku Raty
1998-03-20,,,75,RUS,8481812,L,222,D,Nikolai Knyzhov
2004-03-10,54.0,2022.0,72,CAN,8483505,R,189,C,Matthew Poitras
1999-11-06,23.0,2018.0,73,SWE,8480806,L,192,C,Isac Lundestrom
1992-06-09,123.0,2010.0,73,CAN,8475786,R,206,L,Zach Hyman
1989-09-14,77.0,2007.0,73,CAN,8473986,L,205,L,Alex Killorn
1993-05-01,,,72,CAN,8477919,R,184,C,Freddy Gaudreau
1998-12-05,34.0,2017.0,78,CAN,8479980,L,245,D,Nicolas Hague
2004-02-04,20.0,2022.0,73,RUS,8483491,R,185,L,Ivan Miroshnichenko
1991-11-01,31.0,2010.0,74,USA,8475752,R,199,C,Tyler Pitlick
1999-01-24,43.0,2017.0,76,USA,8480049,L,216,D,Dylan Samberg
2000-03-15,20.0,2018.0,74,FIN,8480845,R,201,C,Rasmus Kupari
1984-07-11,205.0,2003.0,73,USA,8470794,R,196,C,Joe Pavelski
1999-04-30,17.0,2017.0,73,SWE,8480043,R,200,D,Timothy Liljegren
1996-04-27,127.0,2015.0,78,FIN,8478859,L,204,D,Niko Mikkola
1990-01-10,27.0,2008.0,75,USA,8474590,R,220,D,John Carlson
2000-02-03,42.0,2018.0,71,USA,8480835,L,186,C,Jack Drury
1994-10-27,8.0,2013.0,76,FIN,8477499,R,208,D,Rasmus Ristolainen
1996-11-26,37.0,2015.0,77,USA,8478443,R,227,D,Brandon Carlo
1991-09-25,51.0,2010.0,72,SWE,8475714,R,193,C,Calle Jarnkrok
2000-03-07,29.0,2018.0,71,SWE,8480873,L,189,D,Rasmus Sandin
2001-12-26,36.0,2020.0,74,USA,8482118,R,213,R,Sam Colangelo
1991-02-27,92.0,2009.0,71,CAN,8475231,L,191,C,Casey Cizikas
1997-03-25,116.0,2015.0,73,CAN,8478446,R,195,C,Glenn Gawdin
1985-07-30,61.0,2004.0,71,USA,8471274,L,173,D,Alex Goligoski
1998-04-10,25.0,2016.0,78,USA,8479362,L,233,L,Riley Tufte
2000-03-14,50.0,2019.0,72,SWE,8481239,R,200,L,Samuel Fagemo
1995-10-28,,,75,USA,8482062,L,195,R,Cole Smith
1993-02-26,,,74,CAN,8476624,L,210,C,Barclay Goodrow
1994-07-08,104.0,2013.0,73,USA,8477429,L,200,C,Andrew Copp
2000-07-16,33.0,2018.0,71,SWE,8481013,L,195,R,Jonatan Berggren
1994-07-25,7.0,2012.0,72,CAN,8476856,R,191,D,Mathew Dumba
1995-10-27,3.0,2014.0,74,DEU,8477934,L,209,C,Leon Draisaitl
1996-06-20,4.0,2014.0,73,CAN,8477935,L,193,C,Sam Bennett
2002-03-13,53.0,2020.0,70,RUS,8482102,L,180,C,Vasily Ponomarev
1992-10-29,151.0,2012.0,73,CAN,8476525,R,200,D,Colin Miller
1992-11-12,4.0,2011.0,75,SWE,8476457,R,207,D,Adam Larsson
1993-02-26,,,74,CAN,8476624,L,210,C,Barclay Goodrow
1991-07-17,6.0,2009.0,74,SWE,8475171,L,190,D,Oliver Ekman-Larsson
1996-02-22,91.0,2014.0,74,SWE,8478021,L,211,D,William Lagesson
1990-05-27,198.0,2009.0,74,USA,8475343,R,195,C,Nic Dowd
1999-06-25,113.0,2017.0,78,RUS,8480281,L,225,R,Alexey Toropchenko
1998-01-26,,,73,USA,8482070,R,197,R,Mitchell Chaffee
1998-10-28,143.0,2017.0,73,SVK,8480226,L,190,R,Marián Studenic
1999-07-22,112.0,2018.0,76,USA,8481030,R,197,D,Jack St. Ivany
1997-07-11,,,76,RUS,8482624,R,207,D,Daniil Miromanov
1991-10-07,160.0,2011.0,75,CAN,8476312,R,218,D,Josh Manson
1998-02-02,,,78,CAN,8479638,R,232,R,Justin Brazeau
1996-07-23,22.0,2014.0,73,FIN,8477953,R,194,R,Kasperi Kapanen
1990-01-18,4.0,2008.0,75,CAN,8474565,R,215,D,Alex Pietrangelo
1993-01-20,133.0,2011.0,74,USA,8476374,L,208,C,Sean Kuraly
1993-03-28,194.0,2011.0,68,USA,8476278,R,181,C,Colin Blackwell
1997-04-06,6.0,2015.0,76,CZE,8478401,L,211,C,Pavel Zacha
1998-05-07,4.0,2016.0,76,FIN,8479344,R,216,R,Jesse Puljujarvi
1994-06-17,,,70,RUS,8482222,L,195,L,Alexander Barabanov
1995-11-21,159.0,2015.0,75,RUS,8478882,L,210,D,Vladislav Gavrikov
2000-03-07,29.0,2018.0,71,SWE,8480873,L,189,D,Rasmus Sandin
1985-01-01,11.0,2003.0,75,CAN,8470604,R,219,C,Jeff Carter
1989-03-12,71.0,2007.0,71,RUS,8474149,L,188,L,Evgenii Dadonov
2000-07-21,49.0,2018.0,75,RUS,8480893,R,201,R,Kirill Marchenko
1996-05-10,18.0,2014.0,76,USA,8477949,R,219,R,Alex Tuch
1999-09-05,21.0,2017.0,74,CZE,8480078,L,210,C,Filip Chytil
1985-03-06,,,71,FRA,8477930,L,198,L,Pierre-Edouard Bellemare
1999-08-24,168.0,2017.0,71,SWE,8480245,L,197,R,Olle Lycksell
1998-09-29,22.0,2017.0,69,USA,8479977,R,178,R,Kailer Yamamoto
2004-01-12,53.0,2022.0,73,CAN,8483482,R,211,D,Tristan Luneau
1994-05-01,120.0,2012.0,75,USA,8476958,L,207,D,Jaccob Slavin
1996-12-14,39.0,2015.0,75,CAN,8478421,L,209,L,A.J. Greer
1994-05-30,20.0,2012.0,73,CAN,8476872,L,190,C,Scott Laughton
1999-04-01,6.0,2017.0,75,CAN,8479996,R,201,C,Cody Glass
2001-11-16,43.0,2020.0,74,SWE,8482476,L,204,L,Emil Heineman
1994-09-11,18.0,2012.0,71,FIN,8476882,L,191,C,Teuvo Teravainen
2000-12-20,40.0,2019.0,69,SWE,8481535,L,185,L,Nils Hoglander
1995-08-14,82.0,2013.0,74,CAN,8477409,L,183,C,Carter Verhaeghe
1991-02-07,33.0,2009.0,73,CAN,8475158,L,207,C,Ryan O'Reilly
1998-11-12,5.0,2017.0,74,SWE,8480012,L,176,C,Elias Pettersson
1998-10-16,33.0,2017.0,74,CAN,8479986,R,190,R,Kole Lind
1999-01-18,57.0,2017.0,71,CAN,8480070,R,198,D,Ian Mitchell
1988-05-28,26.0,2007.0,72,CAN,8474102,R,202,L,David Perron
1996-05-10,48.0,2014.0,72,CAN,8477979,R,213,R,Nicolas Aube-Kubel
1992-04-20,10.0,2010.0,77,CAN,8475795,R,240,D,Dylan McIlrath
1998-07-28,111.0,2016.0,72,CAN,8479393,L,201,L,Noah Gregor
1998-10-20,38.0,2017.0,74,SWE,8480184,R,194,D,Gustav Lindström
1994-12-02,5.0,2013.0,73,SWE,8477496,R,200,C,Elias Lindholm
1997-05-28,43.0,2015.0,76,SVK,8478416,R,230,D,Erik Cernak
2000-09-16,62.0,2019.0,73,RUS,8481543,L,189,C,Nikita Alexandrov
1989-01-29,14.0,2007.0,72,USA,8474031,R,203,D,Kevin Shattenkirk
2003-01-30,3.0,2021.0,73,CAN,8482745,L,219,C,Mason McTavish
1985-01-21,7.0,2003.0,73,USA,8470600,L,201,D,Ryan Suter
2001-01-09,39.0,2019.0,74,USA,8481605,L,208,D,Jackson LaCombe
1993-03-15,,,68,CAN,8479941,R,193,R,Justin Danforth
1999-01-01,18.0,2017.0,74,FIN,8480001,L,202,D,Urho Vaakanainen
1997-04-26,135.0,2015.0,70,RUS,8478864,L,202,L,Kirill Kaprizov
1996-05-01,8.0,2014.0,72,SWE,8477939,R,200,R,William Nylander
1990-06-01,38.0,2008.0,73,CHE,8474600,L,201,D,Roman Josi
1997-06-07,12.0,2015.0,75,RUS,8478495,L,205,R,Denis Gurianov
2002-11-14,55.0,2021.0,76,CAN,8482861,R,220,D,Vincent Iorio
1996-06-15,,,74,CAN,8482259,L,217,C,Bobby McMann
1992-12-07,8.0,2011.0,76,CAN,8476461,L,210,C,Sean Couturier
1998-03-16,,,74,CAN,8483546,L,211,D,Marshall Rifai
1994-12-02,5.0,2013.0,73,SWE,8477496,R,200,C,Elias Lindholm
1998-02-04,145.0,2016.0,75,CAN,8479359,L,209,L,Beck Malenstyn
2001-09-19,8.0,2020.0,73,CAN,8482097,R,185,R,Jack Quinn
2001-10-11,1.0,2020.0,74,CAN,8482109,L,191,L,Alexis Lafrenière
2000-06-13,11.0,2018.0,74,USA,8480789,R,205,R,Oliver Wahlstrom
1997-01-13,55.0,2015.0,74,RUS,8478508,L,201,C,Yakov Trenin
1989-03-17,24.0,2007.0,72,SWE,8474150,L,206,C,Mikael Backlund
2003-01-05,16.0,2021.0,72,CAN,8482747,L,192,L,Brennan Othmann
1995-09-13,100.0,2013.0,74,USA,8477425,L,209,L,Miles Wood
1993-03-15,7.0,2011.0,75,CAN,8476460,R,207,C,Mark Scheifele
1995-07-12,196.0,2013.0,72,CAN,8477335,R,193,D,Kyle Burroughs
1998-12-13,14.0,2017.0,77,USA,8479984,R,224,D,Cal Foote
1997-09-17,1.0,2016.0,75,USA,8479318,L,215,C,Auston Matthews
1998-05-05,35.0,2016.0,73,CAN,8479385,R,189,R,Jordan Kyrou
1989-03-18,78.0,2007.0,76,CAN,8474145,R,206,D,Robert Bortuzzo
1991-03-28,208.0,2011.0,72,CZE,8476292,L,194,L,Ondrej Palat
2000-09-30,212.0,2019.0,70,CAN,8481690,L,166,C,Tyler Angle
2001-10-03,12.0,2020.0,73,FIN,8482113,L,196,C,Anton Lundell
1995-02-08,41.0,2013.0,74,SWE,8477462,L,210,D,Robert Hagg
1996-05-29,183.0,2016.0,79,CAN,8479576,R,225,D,Vincent Desharnais
1995-07-01,52.0,2013.0,76,USA,8477473,R,214,R,Justin Bailey
1991-04-30,19.0,2009.0,75,USA,8475184,L,232,L,Chris Kreider
1996-05-10,48.0,2014.0,72,CAN,8477979,R,213,R,Nicolas Aube-Kubel
1992-03-04,15.0,2010.0,76,USA,8475762,L,216,D,Derek Forbort
1989-11-24,130.0,2009.0,72,CAN,8474884,L,190,C,Mike Hoffman
1996-07-08,7.0,2014.0,76,CAN,8477938,L,207,D,Haydn Fleury
1992-02-04,144.0,2010.0,72,CAN,8475842,R,202,C,Sam Carrick
2002-08-25,163.0,2022.0,75,POL,8483763,L,215,D,Maksymilian Szuber
1999-04-17,9.0,2017.0,78,CAN,8479992,L,222,C,Michael Rasmussen
2000-11-12,32.0,2019.0,75,USA,8481596,R,206,C,Shane Pinto
1997-05-21,,,70,CAN,8479718,L,178,C,Alex Barré-Boulet
1996-03-11,123.0,2015.0,70,USA,8478856,R,165,R,Conor Garland
1996-10-17,14.0,2015.0,73,CAN,8478498,L,198,L,Jake DeBrusk
1999-05-05,82.0,2017.0,75,CAN,8480075,R,213,D,Cameron Crotty
1990-02-06,82.0,2008.0,72,CAN,8474641,L,195,C,Adam Henrique
2001-09-10,172.0,2019.0,74,USA,8481754,L,203,C,Nikita Nesterenko
2001-06-25,8.0,2019.0,76,SWE,8481598,L,210,D,Philip Broberg
1993-01-08,53.0,2011.0,72,SWE,8476448,L,190,C,William Karlsson
1995-07-05,116.0,2014.0,74,CAN,8478046,L,187,L,Danton Heinen
1994-03-29,16.0,2012.0,76,CAN,8476880,R,225,R,Tom Wilson
1999-05-25,103.0,2017.0,72,USA,8479998,L,195,D,Mikey Anderson
1995-04-05,9.0,2013.0,73,CAN,8477500,L,225,C,Bo Horvat
2000-07-21,13.0,2018.0,74,CAN,8480848,R,185,C,Ty Dellandrea
1991-07-24,,,75,USA,8477845,R,210,D,Trevor van Riemsdyk
1993-02-24,26.0,2011.0,73,CAN,8476479,L,200,C,Phillip Danault
1992-11-05,47.0,2011.0,71,USA,8476442,L,189,L,Matt Nieto
2001-06-26,33.0,2019.0,74,USA,8481560,L,212,R,Arthur Kaliyev
1990-09-20,1.0,2009.0,73,CAN,8475166,L,217,C,John Tavares
1999-03-11,125.0,2019.0,76,USA,8480355,R,234,C,Mark Kastelic
1995-09-17,117.0,2014.0,72,CAN,8478047,L,186,L,Michael Bunting
1993-10-09,38.0,2012.0,72,CAN,8476858,L,193,L,Phillip Di Giuseppe
1992-12-08,79.0,2013.0,74,SWE,8477406,L,205,C,Mattias Janmark
1989-06-13,12.0,2007.0,73,USA,8474151,L,216,D,Ryan McDonagh
1994-10-03,4.0,2013.0,76,USA,8477495,R,213,D,Seth Jones
1991-10-15,30.0,2010.0,76,USA,8475754,L,205,C,Brock Nelson
1995-03-20,101.0,2013.0,76,CAN,8477426,L,234,L,Nick Paul
2000-01-07,12.0,2018.0,76,CAN,8480865,R,200,D,Noah Dobson
2002-03-29,26.0,2020.0,72,CAN,8482089,L,201,L,Jake Neighbours
2002-07-17,37.0,2020.0,71,RUS,8482177,L,184,C,Marat Khusnutdinov
1996-04-01,67.0,2014.0,74,CAN,8477998,L,204,L,Warren Foegele
2001-08-19,18.0,2019.0,75,CAN,8481581,L,214,D,Thomas Harley
1998-06-06,141.0,2018.0,74,BLR,8481068,L,196,C,Yegor Sharangovich
1994-11-13,,,71,CAN,8480336,R,191,D,Sean Walker
1999-04-20,160.0,2019.0,71,CZE,8481751,L,202,R,Lukas Rousek
1998-06-05,51.0,2016.0,72,CAN,8479348,L,190,D,Kale Clague
1998-10-30,36.0,2017.0,73,SWE,8480003,L,191,C,Jesper Boqvist
1995-03-02,12.0,2013.0,70,CAN,8477503,L,208,C,Max Domi
1997-05-22,106.0,2016.0,74,USA,8479520,L,210,R,Brandon Duhaime
1993-06-17,9.0,2011.0,78,CAN,8476462,R,230,D,Dougie Hamilton
1993-04-08,112.0,2014.0,70,SWE,8478042,R,181,L,Viktor Arvidsson
1995-11-06,2.0,2014.0,73,CAN,8477933,R,196,C,Sam Reinhart
2001-01-23,45.0,2019.0,76,RUS,8481585,L,211,L,Egor Afanasyev
1996-02-28,13.0,2014.0,72,CZE,8477944,L,197,L,Jakub Vrana
2004-07-05,38.0,2022.0,74,CAN,8483489,L,204,C,Fraser Minten
1998-02-03,30.0,2016.0,72,CAN,8479351,L,185,C,Sam Steel
1991-04-01,69.0,2009.0,73,CAN,8475191,L,185,R,Reilly Smith
1996-05-31,188.0,2014.0,78,SWE,8478115,L,208,L,Pierre Engvall
1999-10-20,10.0,2018.0,75,CAN,8480803,R,192,D,Evan Bouchard
1995-02-02,17.0,2013.0,72,CAN,8477508,R,203,C,Curtis Lazar
1992-05-13,178.0,2010.0,75,CAN,8475913,R,210,R,Mark Stone
1995-11-21,159.0,2015.0,75,RUS,8478882,L,210,D,Vladislav Gavrikov
1998-06-24,3.0,2016.0,76,CAN,8479400,L,220,L,Pierre-Luc Dubois
1990-05-27,198.0,2009.0,74,USA,8475343,R,195,C,Nic Dowd
1999-07-22,39.0,2017.0,75,USA,8480027,L,204,L,Jason Robertson
1998-02-11,29.0,2016.0,75,USA,8479365,L,221,C,Trent Frederic
1994-01-14,,,70,USA,8479249,R,187,C,Andrew Poturalski
1995-11-24,,,72,CAN,8478211,L,193,L,Dryden Hunt
1997-02-05,33.0,2015.0,72,CAN,8478477,R,203,C,Mitchell Stephens
1997-06-08,28.0,2015.0,71,CAN,8478463,L,181,L,Anthony Beauvillier
2001-05-24,23.0,2019.0,73,SWE,8481601,L,208,R,Simon Holmstrom
1996-01-01,,,69,USA,8481441,L,176,C,Joe Snively
1997-11-05,133.0,2016.0,73,CAN,8479320,L,191,D,Maxime Lajoie
1999-09-13,45.0,2017.0,73,FRA,8480074,L,196,L,Alexandre Texier
1999-04-29,,,73,USA,8481237,L,190,C,Kyle MacLean
1991-12-15,,,69,CAN,8476826,L,173,C,Yanni Gourde
1993-04-18,6.0,2011.0,74,SWE,8476459,R,208,C,Mika Zibanejad
2003-02-09,8.0,2021.0,74,CAN,8482730,R,200,D,Brandt Clarke
1989-12-20,,,75,CAN,8475690,R,200,D,Chris Tanev
1997-02-11,,,73,USA,8479671,R,232,R,Mathieu Olivier
1991-12-31,,,72,CAN,8479293,L,189,L,Brandon Tanev
1996-12-19,92.0,2015.0,75,USA,8478840,R,199,D,Will Borgen
2001-05-14,1.0,2019.0,71,USA,8481559,L,175,C,Jack Hughes
1996-01-22,21.0,2014.0,71,CAN,8477952,L,185,C,Robby Fabbri
1996-10-28,2.0,2015.0,74,USA,8478403,R,208,C,Jack Eichel
1995-09-01,1.0,2013.0,72,CAN,8477492,R,200,C,Nathan MacKinnon
1996-05-08,38.0,2014.0,77,SWE,8477969,L,174,D,Marcus Pettersson
1991-07-23,55.0,2009.0,71,RUS,8475200,L,215,D,Dmitry Orlov
2002-08-19,2.0,2020.0,77,CAN,8482124,L,225,R,Quinton Byfield
1996-05-13,90.0,2014.0,73,CAN,8478020,R,206,R,Michael Amadio
1993-10-12,44.0,2012.0,73,USA,8476931,L,210,D,Jake McCabe
1995-05-03,,,75,DEU,8481477,L,209,C,Nico Sturm
1997-06-06,117.0,2015.0,73,USA,8478452,L,184,D,Caleb Jones
1998-02-04,145.0,2016.0,75,CAN,8479359,L,209,L,Beck Malenstyn
2001-05-10,75.0,2019.0,74,CAN,8481550,L,192,L,Adam Beckman
1998-07-06,,,75,FIN,8484325,R,210,C,Waltteri Merela
1998-08-27,159.0,2016.0,74,CAN,8479542,L,186,L,Brandon Hagel
2000-01-21,22.0,2018.0,77,USA,8480817,L,210,D,K'Andre Miller
1993-09-14,177.0,2011.0,72,USA,8476329,R,190,C,Travis Boyd
1987-10-31,28.0,2006.0,72,USA,8473422,L,210,L,Nick Foligno
1991-05-09,120.0,2009.0,75,CAN,8475279,L,222,D,Ben Chiarot
1997-12-18,39.0,2016.0,68,USA,8479337,R,180,R,Alex DeBrincat
2002-02-05,60.0,2020.0,75,CAN,8482157,L,212,L,Will Cuylle
2004-12-26,2.0,2023.0,75,SWE,8484153,L,208,C,Leo Carlsson
1997-01-30,21.0,2015.0,73,USA,8478400,R,195,C,Colin White
1993-07-20,68.0,2011.0,71,CAN,8476393,L,191,C,Nick Cousins
2000-07-20,205.0,2020.0,75,BLR,8482470,L,208,D,Ilya Solovyov
2001-11-15,25.0,2020.0,74,CAN,8482111,R,198,D,Justin Barron
1995-01-12,,,74,CZE,8480144,L,198,C,David Kampf
1998-03-31,16.0,2016.0,74,CAN,8479345,L,215,D,Jakob Chychrun
1996-02-28,157.0,2015.0,69,CAN,8478881,L,156,L,Brett Seney
2003-05-16,12.0,2021.0,72,USA,8482705,L,202,C,Cole Sillinger
2001-01-16,62.0,2020.0,73,CAN,8482201,L,189,C,Gage Goncalves
1987-06-14,25.0,2005.0,70,CAN,8471699,L,179,C,Andrew Cogliano
2000-08-29,,,74,CZE,8484259,L,205,C,Ondrej Pavel
1998-07-20,56.0,2016.0,71,CAN,8479346,L,185,C,Dillon Dube
1996-06-17,176.0,2014.0,74,CAN,8478104,L,206,L,Samuel Blais
1998-10-30,4.0,2017.0,72,CAN,8480069,R,187,D,Cale Makar
1994-03-14,,,71,USA,8478366,L,203,R,Frank Vatrano
2001-07-24,31.0,2019.0,73,USA,8481564,L,195,D,Ryan Johnson
1990-07-29,,,68,USA,8474870,R,191,C,Tyler Johnson
2001-01-05,14.0,2019.0,72,USA,8481546,L,194,D,Cam York
1996-10-29,10.0,2015.0,76,FIN,8478420,L,228,R,Mikko Rantanen
1990-02-23,55.0,2008.0,75,CAN,8474618,L,212,D,Marco Scandella
1995-08-26,80.0,2013.0,72,CAN,8477407,L,198,L,Anthony Duclair
1991-07-26,64.0,2009.0,71,CAN,8475197,R,197,D,Tyson Barrie
1989-02-21,18.0,2007.0,73,USA,8474013,L,237,D,Ian Cole
1992-11-11,96.0,2011.0,71,CAN,8476419,R,180,C,Jean-Gabriel Pageau
1996-01-15,168.0,2015.0,74,USA,8478891,R,196,C,Mason Appleton
1999-06-01,117.0,2017.0,72,SWE,8480205,R,190,C,Emil Bemstrom
1994-04-22,77.0,2012.0,72,CAN,8476905,L,201,C,Chandler Stephenson
1999-09-12,41.0,2017.0,71,CAN,8479994,L,200,C,Jaret Anderson-Dolan
1987-08-24,11.0,2005.0,75,SVN,8471685,L,225,C,Anze Kopitar
1996-10-08,115.0,2015.0,71,CAN,8478851,R,174,D,Alexandre Carrier
1991-07-26,64.0,2009.0,71,CAN,8475197,R,197,D,Tyson Barrie
1989-04-28,,,71,USA,8476822,R,190,C,Luke Glendening
1991-11-23,,,74,USA,8477903,R,212,R,Garnet Hathaway
1994-10-06,15.0,2013.0,73,CAN,8477506,R,219,D,Ryan Pulock
1997-12-21,14.0,2016.0,73,USA,8479325,R,211,D,Charlie McAvoy
1996-02-23,20.0,2014.0,72,USA,8477951,R,184,C,Nick Schmaltz
1997-02-05,96.0,2015.0,76,CAN,8478462,R,200,C,Nicolas Roy
1997-08-24,112.0,2015.0,73,CAN,8478450,L,190,D,Parker Wotherspoon
1988-04-23,161.0,2007.0,75,USA,8474034,L,234,L,Patrick Maroon
1995-09-13,100.0,2013.0,74,USA,8477425,L,209,L,Miles Wood
1995-04-17,75.0,2013.0,73,RUS,8477402,L,196,L,Pavel Buchnevich
1987-08-07,1.0,2005.0,71,CAN,8471675,L,200,C,Sidney Crosby
1994-10-12,6.0,2013.0,74,CAN,8477497,L,206,C,Sean Monahan
1991-01-21,66.0,2009.0,76,CAN,8475188,L,215,D,Brayden McNabb
1987-01-08,17.0,2006.0,73,USA,8473453,R,205,C,Trevor Lewis
2002-03-09,50.0,2020.0,76,RUS,8482165,L,209,D,Yan Kuznetsov
1993-05-26,66.0,2012.0,74,USA,8476918,L,203,L,Jimmy Vesey
1992-04-24,47.0,2010.0,72,CAN,8475726,R,205,C,Tyler Toffoli
1989-11-29,156.0,2008.0,69,CAN,8474716,R,166,D,Jared Spurgeon
1999-09-05,21.0,2017.0,74,CZE,8480078,L,210,C,Filip Chytil
2001-09-25,24.0,2020.0,72,CAN,8482074,L,178,C,Connor Zary
1996-01-21,40.0,2014.0,76,SWE,8477971,L,200,D,Andreas Englund
1999-03-09,156.0,2018.0,72,SWE,8480995,L,201,R,Pontus Holmberg
1992-01-07,3.0,2010.0,77,CAN,8475790,R,222,D,Erik Gudbranson
2004-01-28,19.0,2022.0,72,SWE,8483499,L,187,L,Liam Ohgren
1999-01-08,50.0,2017.0,74,CAN,8480031,L,210,L,Maxime Comtois
1992-03-03,36.0,2010.0,77,CAN,8475755,R,215,D,Alexander Petrovic
1997-05-06,57.0,2015.0,74,CHE,8478399,L,218,D,Jonas Siegenthaler
1994-09-13,21.0,2012.0,76,CAN,8476873,L,200,L,Mark Jankowski
1990-10-29,14.0,2009.0,73,RUS,8475179,L,212,D,Dmitry Kulikov
1996-05-19,,,69,CAN,8479619,L,182,L,Michael Carcone
1999-06-07,200.0,2017.0,70,USA,8480267,R,180,C,Sammy Walker
1996-03-13,79.0,2014.0,71,CAN,8478010,R,177,C,Brayden Point
1995-04-10,89.0,2013.0,72,DNK,8477416,R,175,R,Oliver Bjorkstrand
1997-04-02,26.0,2015.0,74,CAN,8478454,R,201,D,Noah Juulsen
1996-11-17,49.0,2015.0,75,FIN,8478449,L,217,C,Roope Hintz
2000-04-19,120.0,2019.0,75,CAN,8481719,R,204,D,Max Crozier
1994-03-25,26.0,2012.0,74,CAN,8476867,L,222,C,Brendan Gaunce
1995-10-24,19.0,2014.0,72,USA,8477950,R,190,D,Tony DeAngelo
1999-07-30,28.0,2017.0,74,CAN,8480032,L,186,C,Shane Bowers
2000-05-18,,,75,USA,8483398,L,190,D,Declan Carlile
1990-07-15,3.0,2008.0,75,USA,8474567,R,231,D,Zach Bogosian
1996-12-22,34.0,2015.0,72,CAN,8478408,L,200,D,Travis Dermott
1990-09-21,150.0,2009.0,72,USA,8475324,R,202,D,Nick Jensen
1991-02-27,92.0,2009.0,71,CAN,8475231,L,191,C,Casey Cizikas
2003-04-10,9.0,2021.0,73,CAN,8482699,R,191,R,Dylan Guenther
1999-05-25,103.0,2017.0,72,USA,8479998,L,195,D,Mikey Anderson
1999-05-05,31.0,2017.0,76,RUS,8480011,L,232,C,Klim Kostin
2003-05-29,39.0,2021.0,76,CAN,8482859,L,212,C,Zack Ostapchuk
2000-05-04,95.0,2018.0,72,USA,8480836,L,192,L,Jonathan Gruden
1993-05-01,179.0,2011.0,73,CAN,8476331,R,194,D,Dylan DeMelo
2004-05-04,3.0,2022.0,72,USA,8483431,L,191,C,Logan Cooley
2002-07-08,5.0,2020.0,74,USA,8482105,L,202,D,Jake Sanderson
1998-07-29,7.0,2016.0,70,USA,8479343,L,175,R,Clayton Keller
1997-10-15,21.0,2016.0,76,CAN,8479328,R,230,R,Julien Gauthier
2000-04-11,60.0,2018.0,74,SWE,8481019,L,196,C,David Gustafsson
1991-04-12,,,69,USA,8476792,L,194,D,Torey Krug
2002-05-17,17.0,2020.0,72,DEU,8482117,L,170,L,Lukas Reichel
2001-08-19,18.0,2019.0,75,CAN,8481581,L,214,D,Thomas Harley
1998-06-20,64.0,2016.0,72,USA,8479367,R,182,R,William Lockwood
1996-05-15,128.0,2014.0,75,USA,8478057,L,218,C,Dakota Joshua
1994-01-05,,,72,USA,8477541,L,197,D,Dakota Mermis
2002-02-06,76.0,2020.0,68,RUS,8482101,L,165,L,Danil Gushchin
1997-05-19,60.0,2015.0,72,SWE,8478430,L,183,D,Oliver Kylington
1996-09-09,142.0,2016.0,72,USA,8479591,L,195,C,Michael Eyssimont
2002-01-01,10.0,2020.0,71,CAN,8482149,L,185,C,Cole Perfetti
1994-01-05,85.0,2012.0,70,USA,8476891,L,180,D,Matthew Grzelcyk
1998-04-27,121.0,2017.0,75,CAN,8480208,R,209,R,Drake Batherson
1994-01-06,105.0,2012.0,74,CAN,8476967,L,192,D,Brett Kulak
1998-03-14,10.0,2016.0,71,CAN,8479370,L,187,C,Tyson Jost
1997-07-12,74.0,2017.0,77,CAN,8480192,R,223,D,Johnathan Kovacevic
2001-03-20,9.0,2019.0,72,USA,8481533,L,185,C,Trevor Zegras
1997-12-06,41.0,2016.0,76,CAN,8479414,R,217,R,Nathan Bastian
1997-01-13,7.0,2015.0,73,RUS,8478500,L,224,D,Ivan Provorov
1990-05-31,15.0,2008.0,72,SWE,8474578,R,185,D,Erik Karlsson
1987-09-01,,,68,NOR,8475692,L,181,R,Mats Zuccarello
1997-01-13,55.0,2015.0,74,RUS,8478508,L,201,C,Yakov Trenin
1995-02-04,7.0,2013.0,76,CAN,8477498,L,215,D,Darnell Nurse
1999-07-02,20.0,2017.0,72,CAN,8480023,R,207,C,Robert Thomas
1994-12-20,57.0,2013.0,74,CAN,8477478,L,214,L,William Carrier
1990-12-18,2.0,2009.0,79,SWE,8475167,L,244,D,Victor Hedman
1991-07-16,,,72,USA,8477220,L,197,D,Nate Schmidt
1997-01-29,25.0,2015.0,73,USA,8478458,R,198,C,Jack Roslovic
1997-02-25,23.0,2015.0,73,USA,8478444,R,208,R,Brock Boeser
2000-03-28,77.0,2018.0,73,CZE,8480880,L,193,C,Jakub Lauko
1999-05-26,204.0,2018.0,66,CAN,8480441,R,193,R,Trey Fix-Wolansky
1995-04-20,33.0,2013.0,73,USA,8477454,L,209,L,Adam Erne
1994-02-02,,,73,SWE,8480157,L,188,D,Calle Rosen
1999-01-03,25.0,2017.0,74,USA,8480068,L,206,C,Ryan Poehling
1994-11-15,66.0,2013.0,75,USA,8477488,R,206,D,Brett Pesce
1989-09-01,121.0,2008.0,71,SWE,8474679,L,180,R,Gustav Nyquist
1995-03-31,,,71,USA,8479675,L,195,L,Trevor Moore
1993-06-19,148.0,2013.0,72,USA,8477380,R,206,C,Jonny Brodzinski
2002-03-19,93.0,2020.0,73,CAN,8482144,R,189,D,Jack Thompson
2004-03-30,1.0,2022.0,75,SVK,8483515,L,225,L,Juraj Slafkovský
1995-11-06,2.0,2014.0,73,CAN,8477933,R,196,C,Sam Reinhart
2000-01-13,30.0,2018.0,73,CAN,8480813,L,201,C,Joseph Veleno
1993-07-28,,,71,CAN,8478542,R,182,C,Evan Rodrigues
1994-02-07,89.0,2014.0,69,AUS,8477573,L,191,L,Nathan Walker
1995-10-28,,,75,USA,8482062,L,195,R,Cole Smith
1998-02-03,30.0,2016.0,72,CAN,8479351,L,185,C,Sam Steel
1996-11-28,,,74,CAN,8480727,R,210,D,Zach Whitecloud
2001-04-28,187.0,2019.0,73,CAN,8481679,R,210,D,Maxence Guenette
2001-01-07,,,69,FRA,8483920,R,172,R,Pierrick Dube
1998-04-06,166.0,2016.0,68,CAN,8479547,R,160,R,Matthew Phillips
1994-11-13,,,71,CAN,8480336,R,191,D,Sean Walker
2000-07-21,13.0,2018.0,74,CAN,8480848,R,185,C,Ty Dellandrea
1985-05-16,28.0,2003.0,75,CAN,8470621,R,208,R,Corey Perry
2001-06-13,4.0,2019.0,73,CAN,8481524,L,205,D,Bowen Byram
1992-08-14,131.0,2010.0,74,SWE,8475906,R,185,D,John Klingberg
1998-12-02,174.0,2017.0,76,CAN,8480289,L,220,C,Morgan Barron
1998-02-11,29.0,2016.0,75,USA,8479365,L,221,C,Trent Frederic
2002-08-08,28.0,2020.0,72,CAN,8482092,L,184,C,Ridly Greig
1992-03-31,104.0,2010.0,79,FIN,8475825,R,225,D,Jani Hakanpää
1993-04-12,1.0,2011.0,73,CAN,8476454,L,192,C,Ryan Nugent-Hopkins
1989-09-05,98.0,2009.0,73,USA,8475225,R,203,C,Craig Smith
1989-03-12,71.0,2007.0,71,RUS,8474149,L,188,L,Evgenii Dadonov
1998-02-18,58.0,2016.0,74,CAN,8479390,R,201,R,Taylor Raddysh
2000-01-06,38.0,2018.0,73,RUS,8481014,L,220,D,Alexander Romanov
1995-10-27,3.0,2014.0,74,DEU,8477934,L,209,C,Leon Draisaitl
1995-02-06,,,70,USA,8479968,R,184,C,Vinni Lettieri
1988-03-21,1.0,2006.0,76,USA,8473446,R,225,D,Erik Johnson
1997-03-19,,,70,USA,8482250,R,183,C,Callahan Burke
1991-02-01,26.0,2009.0,72,USA,8475151,R,192,C,Kyle Palmieri
2000-02-07,167.0,2020.0,74,SWE,8482496,L,179,C,Nils Aman
1990-07-03,152.0,2009.0,75,USA,8475314,L,234,L,Anders Lee
1999-11-16,87.0,2018.0,73,SWE,8481024,R,178,C,Linus Karlsson
1999-06-17,29.0,2017.0,72,FIN,8480035,R,205,D,Henri Jokiharju
1991-06-08,,,71,CAN,8477810,L,186,D,Joel Hanley
1985-01-21,7.0,2003.0,73,USA,8470600,L,201,D,Ryan Suter
1999-08-23,,,74,CAN,8481167,R,202,D,Brayden Pachal
1995-04-08,35.0,2013.0,72,USA,8477456,R,191,L,J.T. Compher
2002-06-25,79.0,2020.0,72,USA,8482172,L,180,L,Landon Slaggert
1994-08-13,11.0,2012.0,73,SWE,8476887,R,205,L,Filip Forsberg
2000-06-09,5.0,2018.0,73,CAN,8480849,L,200,C,Barrett Hayton
1996-05-01,8.0,2014.0,72,SWE,8477939,R,200,R,William Nylander
1996-07-08,,,76,CAN,8479772,R,226,R,Zack MacEwen
1996-02-07,1.0,2014.0,76,CAN,8477932,R,220,D,Aaron Ekblad
2003-01-04,30.0,2021.0,72,CAN,8482784,L,176,C,Zach Dean
1992-03-04,15.0,2010.0,76,USA,8475762,L,216,D,Derek Forbort
1995-03-28,13.0,2013.0,72,CAN,8477504,L,195,D,Josh Morrissey
1996-05-14,80.0,2014.0,71,USA,8478011,R,197,D,Louis Belpedio
2003-05-31,133.0,2021.0,69,CAN,8482744,L,193,L,James Malatesta
2000-10-18,68.0,2019.0,71,USA,8481708,L,190,D,Zachary Jones
2000-01-21,22.0,2018.0,77,USA,8480817,L,210,D,K'Andre Miller
1994-09-16,20.0,2013.0,77,CAN,8477511,L,240,R,Anthony Mantha
1993-06-28,46.0,2011.0,77,CAN,8476441,L,221,D,Joel Edmundson
1997-12-01,57.0,2016.0,72,SWE,8479336,L,200,R,Carl Grundstrom
1994-08-16,65.0,2012.0,75,CAN,8476917,L,212,D,Adam Pelech
1992-05-16,7.0,2010.0,71,CAN,8475784,L,200,L,Jeff Skinner
1988-04-16,7.0,2006.0,72,USA,8473449,R,216,R,Kyle Okposo
2003-09-04,67.0,2021.0,74,CAN,8482751,R,175,C,Ryan Winterton
1993-03-26,20.0,2011.0,76,USA,8476473,R,212,D,Connor Murphy
2002-02-21,42.0,2020.0,72,CAN,8482146,R,183,R,Luke Evangelista
1996-03-15,31.0,2014.0,73,USA,8477962,L,215,L,Brendan Lemieux
1998-07-28,111.0,2016.0,72,CAN,8479393,L,201,L,Noah Gregor
2003-03-15,14.0,2021.0,72,SWE,8482765,L,185,R,Isak Rosen
1986-08-31,5.0,2004.0,77,USA,8471218,R,222,R,Blake Wheeler
1997-09-10,148.0,2015.0,72,USA,8478873,R,193,R,Troy Terry
1995-03-06,113.0,2014.0,74,USA,8478043,R,205,C,Sam Lafferty
1989-05-09,21.0,2007.0,73,CAN,8474062,R,187,C,Riley Nash
1996-10-08,9.0,2015.0,73,CHE,8478414,L,220,R,Timo Meier
1999-10-17,171.0,2018.0,70,USA,8481042,L,180,R,Nikolai Kovalenko
1987-08-24,11.0,2005.0,75,SVN,8471685,L,225,C,Anze Kopitar
1997-04-08,69.0,2015.0,74,CAN,8478434,R,216,R,Keegan Kolesar
1997-05-05,4.0,2015.0,72,CAN,8478483,R,180,R,Mitch Marner
1993-06-03,131.0,2011.0,75,USA,8476372,L,197,D,Nick Seeler
1992-09-01,,,75,CZE,8477931,L,199,L,Tomas Nosek
2005-05-12,13.0,2023.0,70,CAN,8484145,L,177,L,Zach Benson
1996-12-09,17.0,2015.0,73,USA,8478398,L,183,L,Kyle Connor
2001-04-24,80.0,2019.0,72,USA,8481578,R,175,R,Graeme Clarke
1987-12-09,45.0,2006.0,75,USA,8473507,R,208,D,Jeff Petry
1994-02-26,9.0,2012.0,75,USA,8476885,R,212,D,Jacob Trouba
1989-12-08,2.0,2008.0,73,CAN,8474563,R,210,D,Drew Doughty
1993-11-05,50.0,2012.0,73,CAN,8476925,R,200,C,Colton Sissons
1998-09-19,,,76,CAN,8481122,L,210,D,Simon Benoit
1995-05-09,,,72,CAN,8481422,L,180,C,Jake Lucchini
1996-01-15,168.0,2015.0,74,USA,8478891,R,196,C,Mason Appleton
1995-04-16,16.0,2013.0,79,RUS,8477507,L,255,D,Nikita Zadorov
1994-01-21,152.0,2013.0,77,CAN,8477384,R,220,D,Joshua Brown
1990-05-24,102.0,2009.0,77,SWE,8475218,L,225,D,Mattias Ekholm
1991-03-20,16.0,2009.0,72,USA,8475181,L,205,D,Nick Leddy
1999-05-14,,,73,CAN,8480448,L,185,C,Parker Kelly
1998-02-10,147.0,2016.0,73,SWE,8479536,L,189,L,Axel Jonsson-Fjallby
2001-07-28,24.0,2019.0,72,CAN,8481577,R,187,R,Philip Tomasino
1999-08-10,13.0,2017.0,71,CAN,8480018,R,207,C,Nick Suzuki
1994-09-16,20.0,2013.0,77,CAN,8477511,L,240,R,Anthony Mantha
1999-10-03,35.0,2018.0,74,FIN,8481058,R,193,R,Jesse Ylonen
1994-01-14,156.0,2012.0,72,CAN,8477015,R,184,R,Connor Brown
1999-03-10,62.0,2017.0,71,USA,8479991,L,196,C,Jake Leschyshyn
1998-07-27,,,71,USA,8484258,R,190,D,Sam Malinski
1996-05-25,25.0,2014.0,72,CZE,8477956,R,199,R,David Pastrnak
1989-11-02,5.0,2008.0,74,CAN,8474568,R,225,D,Luke Schenn
2002-07-31,81.0,2020.0,72,USA,8482176,L,190,D,Wyatt Kaiser
1999-01-06,201.0,2019.0,69,CAN,8481093,L,179,L,Rafael Harvey-Pinard
2001-09-25,201.0,2020.0,70,CZE,8482197,R,178,R,Adam Raska
1998-09-19,,,76,CAN,8481122,L,210,D,Simon Benoit
1999-07-18,3.0,2017.0,74,FIN,8480036,L,197,D,Miro Heiskanen
2000-04-11,60.0,2018.0,74,SWE,8481019,L,196,C,David Gustafsson
1992-01-16,59.0,2010.0,71,USA,8475722,L,198,L,Jason Zucker
1990-09-21,150.0,2009.0,72,USA,8475324,R,202,D,Nick Jensen
1994-10-06,77.0,2013.0,71,USA,8477404,L,176,C,Jake Guentzel
1996-05-24,,,71,CHE,8480459,L,172,C,Pius Suter
2003-01-15,105.0,2021.0,76,CAN,8482807,L,210,D,Ethan Del Mastro
2001-03-12,101.0,2019.0,74,USA,8481567,L,211,D,Henry Thrun
1998-03-02,8.0,2016.0,73,SWE,8479423,R,205,L,Alexander Nylander
1997-04-10,,,74,CAN,8478956,L,206,L,Samuel Laberge
1999-10-14,7.0,2018.0,70,USA,8480800,L,180,D,Quinn Hughes
1988-11-20,22.0,2007.0,74,USA,8474157,L,217,L,Max Pacioretty
1998-11-22,8.0,2017.0,73,USA,8479999,L,205,C,Casey Mittelstadt
1993-05-12,86.0,2012.0,78,CAN,8476892,R,228,D,Colton Parayko
1993-11-12,17.0,2012.0,75,CZE,8476881,L,220,C,Tomas Hertl
1997-06-08,28.0,2015.0,71,CAN,8478463,L,181,L,Anthony Beauvillier
2002-02-09,22.0,2020.0,72,CAN,8482148,L,195,C,Hendrix Lapierre
2004-02-14,62.0,2022.0,69,USA,8483457,L,162,D,Lane Hutson
2000-09-25,38.0,2019.0,76,CAN,8481534,R,217,C,Raphael Lavoie
1999-11-15,31.0,2018.0,76,RUS,8480823,L,230,D,Alexander Alexeyev
1997-11-16,28.0,2016.0,74,CAN,8479321,L,176,D,Lucas Johansen
2000-07-27,28.0,2018.0,73,SWE,8480878,R,194,D,Nils Lundkvist
2001-09-11,53.0,2019.0,69,USA,8481582,L,180,L,Nicholas Robertson
1997-06-23,11.0,2015.0,76,CAN,8478474,L,214,L,Lawson Crouse
1994-07-25,7.0,2012.0,72,CAN,8476856,R,191,D,Mathew Dumba
2001-10-11,1.0,2020.0,74,CAN,8482109,L,191,L,Alexis Lafrenière
1992-07-25,58.0,2012.0,73,CAN,8476921,L,208,L,Jordan Martinook
1995-07-29,,,72,USA,8480145,R,190,D,Neal Pionk
1995-05-21,110.0,2013.0,77,CAN,8477435,L,225,D,Ryan Graves
1990-07-06,43.0,2008.0,74,CAN,8474602,R,190,D,Justin Schultz
1994-07-01,55.0,2012.0,73,CAN,8476919,L,191,C,Chris Tierney
1987-04-24,62.0,2005.0,72,CAN,8471724,R,199,D,Kris Letang
2000-12-04,61.0,2019.0,73,RUS,8481537,L,195,D,Nikita Okhotiuk
2000-01-06,63.0,2018.0,76,CAN,8480855,L,219,C,Jack McBain
1994-01-16,8.0,2012.0,72,CAN,8476884,L,198,D,Derrick Pouliot
2000-05-23,73.0,2018.0,72,USA,8480834,R,193,D,Ty Emberson
1994-01-05,85.0,2012.0,70,USA,8476891,L,180,D,Matthew Grzelcyk
1996-04-27,127.0,2015.0,78,FIN,8478859,L,204,D,Niko Mikkola
2002-01-14,34.0,2020.0,72,DEU,8482175,L,189,R,JJ Peterka
1997-05-23,47.0,2015.0,73,USA,8478424,L,197,C,Jansen Harkins
1996-05-31,24.0,2014.0,73,CAN,8477955,L,191,L,Jared McCann
1990-10-13,39.0,2009.0,73,SWE,8475164,R,207,R,Jakob Silfverberg
1998-07-04,108.0,2016.0,75,SWE,8479522,L,198,D,Hardy Haman Aktell
1995-03-22,43.0,2013.0,69,CAN,8477464,L,175,C,Nic Petan
1998-02-17,24.0,2016.0,75,USA,8479368,L,216,L,Max Jones
1995-03-02,12.0,2013.0,70,CAN,8477503,L,208,C,Max Domi
2000-10-26,79.0,2019.0,73,RUS,8481604,L,194,R,Pavel Dorofeyev
1987-06-14,25.0,2005.0,70,CAN,8471699,L,179,C,Andrew Cogliano
2002-02-23,54.0,2020.0,69,SWE,8482126,L,189,D,Emil Andrae
1994-07-27,137.0,2013.0,76,CAN,8477369,L,211,D,Carson Soucy
2001-09-11,53.0,2019.0,69,USA,8481582,L,180,L,Nicholas Robertson
1996-02-02,58.0,2014.0,73,USA,8477989,L,190,C,Christian Dvorak
1989-12-08,2.0,2008.0,73,CAN,8474563,R,210,D,Drew Doughty
1995-03-01,194.0,2015.0,74,USA,8478911,R,220,D,Matt Roy
1996-02-14,9.0,2014.0,72,DNK,8477940,L,168,L,Nikolaj Ehlers
1991-08-10,104.0,2009.0,75,CAN,8475220,L,226,L,Marcus Foligno
1983-10-03,,,72,CAN,8470966,L,202,D,Mark Giordano
2001-06-05,43.0,2019.0,78,USA,8481568,L,217,D,Alex Vlasic
2000-01-13,164.0,2018.0,77,USA,8480891,R,215,D,Michael Kesselring
1994-03-29,16.0,2012.0,76,CAN,8476880,R,225,R,Tom Wilson
1994-09-22,14.0,2013.0,74,SWE,8477505,L,190,C,Alexander Wennberg
2004-01-19,5.0,2022.0,74,USA,8483445,L,205,L,Cutter Gauthier
1994-12-01,46.0,2013.0,74,SWE,8477467,L,199,D,Gustav Olofsson
1994-01-09,13.0,2012.0,75,CZE,8476889,L,216,C,Radek Faksa
2002-01-01,10.0,2020.0,71,CAN,8482149,L,185,C,Cole Perfetti
1998-07-30,162.0,2016.0,70,SWE,8479407,L,175,L,Jesper Bratt
1999-03-09,156.0,2018.0,72,SWE,8480995,L,201,R,Pontus Holmberg
1992-03-03,36.0,2010.0,77,CAN,8475755,R,215,D,Alexander Petrovic
2003-08-03,109.0,2021.0,71,USA,8482809,R,185,R,Jackson Blake
1995-07-25,,,75,USA,8480306,R,210,D,Grant Hutton
1988-05-11,71.0,2006.0,69,CAN,8473419,L,180,L,Brad Marchand
1992-02-26,9.0,2010.0,70,FIN,8475798,L,193,C,Mikael Granlund
1997-07-19,8.0,2015.0,74,USA,8478460,L,214,D,Zach Werenski
1992-06-09,123.0,2010.0,73,CAN,8475786,R,206,L,Zach Hyman
1995-02-24,58.0,2013.0,74,CAN,8477479,L,200,L,Tyler Bertuzzi
1998-02-17,66.0,2016.0,71,USA,8479323,R,185,D,Adam Fox
1998-06-25,9.0,2016.0,75,RUS,8479410,L,212,D,Mikhail Sergachev
1997-04-28,85.0,2015.0,73,USA,8478438,L,190,C,Thomas Novak
1994-01-07,206.0,2013.0,72,CAN,8477346,R,206,D,MacKenzie Weegar
1997-04-08,69.0,2015.0,74,CAN,8478434,R,216,R,Keegan Kolesar
1990-09-20,1.0,2009.0,73,CAN,8475166,L,217,C,John Tavares
2000-04-13,1.0,2018.0,75,SWE,8480839,L,204,D,Rasmus Dahlin
2001-09-08,46.0,2019.0,72,USA,8481593,L,207,D,Jayden Struble
1994-02-27,23.0,2012.0,74,CAN,8476875,L,196,D,Mike Matheson
1998-02-19,,,74,CAN,8479639,R,205,D,Dylan Coghlan
1994-12-20,57.0,2013.0,74,CAN,8477478,L,214,L,William Carrier
1997-11-16,28.0,2016.0,74,CAN,8479321,L,176,D,Lucas Johansen
1998-06-18,44.0,2016.0,74,CAN,8479383,L,212,L,Boris Katchouk
2003-11-25,10.0,2022.0,73,RUS,8483490,L,207,D,Pavel Mintyukov
2002-11-10,28.0,2021.0,73,SWE,8482712,L,180,R,Oskar Olausson
2003-02-24,17.0,2021.0,72,CAN,8482737,L,187,R,Zachary Bolduc
2001-01-02,15.0,2019.0,68,USA,8481540,R,175,R,Cole Caufield
1993-04-18,6.0,2011.0,74,SWE,8476459,R,208,C,Mika Zibanejad
1996-04-09,56.0,2014.0,72,USA,8477987,L,190,C,Ryan Donato
1996-07-22,11.0,2014.0,72,CHE,8477942,L,205,L,Kevin Fiala
1989-03-18,78.0,2007.0,76,CAN,8474145,R,206,D,Robert Bortuzzo
1995-03-07,25.0,2013.0,78,USA,8477446,R,232,C,Michael McCarron
1994-11-21,,,74,USA,8480084,R,194,D,Nick DeSimone
1996-04-04,166.0,2015.0,70,CAN,8478233,L,183,L,Andrew Mangiapane
1993-03-14,15.0,2011.0,72,USA,8476468,L,211,C,J.T. Miller
1990-11-13,,,76,CAN,8475455,L,225,D,Brenden Dillon
2000-02-03,42.0,2018.0,71,USA,8480835,L,186,C,Jack Drury
1989-07-18,129.0,2007.0,75,CAN,8473994,L,210,L,Jamie Benn
1996-02-07,1.0,2014.0,76,CAN,8477932,R,220,D,Aaron Ekblad
1998-08-31,112.0,2016.0,75,SWE,8479421,L,210,D,Jacob Moverare
1994-08-15,52.0,2012.0,72,LVA,8476927,L,185,C,Teddy Blueger
1995-09-02,2.0,2013.0,75,FIN,8477493,L,214,C,Aleksander Barkov
1994-02-26,9.0,2012.0,75,USA,8476885,R,212,D,Jacob Trouba
1999-07-22,39.0,2017.0,75,USA,8480027,L,204,L,Jason Robertson
2001-01-09,,,72,CAN,8483395,L,184,L,Arshdeep Bains
1996-06-02,207.0,2014.0,72,CAN,8478133,R,190,C,Jake Evans
2005-05-05,30.0,2023.0,71,CAN,8484203,R,180,L,Bradly Nadeau
2000-06-30,26.0,2018.0,73,CAN,8480879,R,196,D,Jacob Bernard-Docker
1992-07-25,58.0,2012.0,73,CAN,8476921,L,208,L,Jordan Martinook
2000-09-14,,,80,CZE,8483609,R,235,R,Adam Klapka
1996-08-01,,,72,LVA,8484304,L,196,D,Uvis Balinskis
1994-05-25,175.0,2012.0,73,CAN,8476988,R,220,D,Matthew Benning
1998-11-03,97.0,2017.0,70,CAN,8479972,L,184,C,Mason Shaw
1992-03-02,28.0,2010.0,75,USA,8475745,R,221,C,Charlie Coyle
2002-08-22,45.0,2020.0,73,USA,8482122,R,200,D,Brock Faber
2003-12-19,30.0,2022.0,73,FIN,8483471,R,173,C,Brad Lambert
2000-10-10,,,71,RUS,8483567,L,174,C,Georgii Merkulov
1998-10-12,55.0,2017.0,75,CAN,8479981,L,211,L,Jonah Gadjovich
1998-06-09,13.0,2016.0,73,CAN,8479402,L,191,D,Jake Bean
1998-09-02,42.0,2017.0,75,FIN,8480185,L,191,C,Eetu Luostarinen
1997-11-18,99.0,2017.0,69,CAN,8480196,L,177,D,Jacob Bryson
2004-06-21,7.0,2022.0,73,CAN,8483466,L,185,D,Kevin Korchinski
2001-05-04,188.0,2020.0,80,CAN,8481806,R,228,D,Louis Crevier
1996-12-20,100.0,2015.0,70,CAN,8478409,L,185,C,Anthony Richard
1998-07-10,,,73,CAN,8481147,R,193,C,Reese Johnson
2002-03-27,68.0,2020.0,71,CAN,8482141,L,184,D,Lukas Cormier
2001-05-24,23.0,2019.0,73,SWE,8481601,L,208,R,Simon Holmstrom
1999-04-30,56.0,2019.0,77,CAN,8481517,R,220,R,Brett Leason
1995-02-04,7.0,2013.0,76,CAN,8477498,L,215,D,Darnell Nurse
1993-04-12,1.0,2011.0,73,CAN,8476454,L,192,C,Ryan Nugent-Hopkins
1999-06-26,92.0,2018.0,70,CAN,8480980,L,187,C,Connor Dewar
1999-01-04,1.0,2017.0,73,CHE,8480002,L,200,C,Nico Hischier
1990-02-06,82.0,2008.0,72,CAN,8474641,L,195,C,Adam Henrique
1997-12-11,6.0,2016.0,74,USA,8479314,L,202,L,Matthew Tkachuk
2001-02-02,107.0,2021.0,75,NOR,8482929,L,215,D,Emil Lilleberg
1996-06-12,126.0,2014.0,73,SWE,8478055,L,199,D,Gustav Forsling
1986-07-31,2.0,2004.0,77,RUS,8471215,L,213,C,Evgeni Malkin
1993-02-12,21.0,2011.0,73,USA,8476474,R,205,R,Stefan Noesen
1999-01-24,43.0,2017.0,76,USA,8480049,L,216,D,Dylan Samberg
1990-12-27,,,69,CAN,8476539,R,185,R,Jonathan Marchessault
2004-01-01,9.0,2022.0,70,CAN,8483512,R,179,C,Matt Savoie
1995-02-13,121.0,2014.0,72,USA,8478051,L,184,C,Max Willman
1998-05-12,,,69,USA,8483565,R,177,D,Nick Blankenburg
1999-02-16,10.0,2017.0,73,CAN,8480015,R,210,R,Owen Tippett
1999-10-06,46.0,2018.0,74,SVK,8480796,L,215,D,Martin Fehervary
2000-07-06,3.0,2018.0,75,FIN,8480829,L,212,C,Jesperi Kotkaniemi
1995-06-18,,,77,CAN,8478975,L,212,L,Mason Marchment
2001-06-24,10.0,2019.0,73,RUS,8481617,L,190,R,Vasily Podkolzin
2002-09-21,,,73,USA,8484911,R,190,R,Collin Graf
1998-02-27,46.0,2016.0,74,CAN,8479379,L,214,R,Givani Smith
1994-08-06,110.0,2012.0,74,CAN,8476960,L,190,C,Andreas Athanasiou
2004-10-05,34.0,2023.0,68,USA,8484149,R,173,C,Gavin Brindley
1994-07-19,61.0,2012.0,73,CAN,8476913,L,206,C,Devin Shore
1995-07-29,,,72,USA,8480145,R,190,D,Neal Pionk
1994-03-09,126.0,2012.0,74,USA,8476952,L,201,C,Dominic Toninato
1997-08-24,112.0,2015.0,73,CAN,8478450,L,190,D,Parker Wotherspoon
1998-03-09,165.0,2016.0,70,SWE,8479546,R,196,C,Oskar Steen
1990-02-01,12.0,2008.0,80,CAN,8474574,R,229,D,Tyler Myers
1995-07-05,116.0,2014.0,74,CAN,8478046,L,187,L,Danton Heinen
1994-10-12,6.0,2013.0,74,CAN,8477497,L,206,C,Sean Monahan
1997-04-28,52.0,2015.0,75,CAN,8478468,L,225,D,Jeremy Lauzon
2001-10-22,29.0,2020.0,72,USA,8482153,L,188,C,Brendan Brisson
1999-04-09,,,72,CAN,8484254,L,170,D,Akito Hirose
1993-07-13,98.0,2011.0,74,USA,8476422,L,191,D,Mike Reilly
1989-05-04,2.0,2007.0,75,USA,8474037,L,210,L,James van Riemsdyk
1999-07-01,23.0,2017.0,74,CAN,8480058,L,185,D,Pierre-Olivier Joseph
1998-05-26,18.0,2016.0,79,CAN,8479378,L,231,D,Logan Stanley
2000-06-06,60.0,2021.0,74,CHE,8482655,L,183,D,J.J. Moser
2002-03-28,4.0,2020.0,71,SWE,8482078,R,186,L,Lucas Raymond
1991-10-30,,,72,RUS,8478550,R,176,L,Artemi Panarin
1997-11-23,,,74,USA,8482652,R,210,R,Walker Duehr
2004-04-14,28.0,2022.0,73,CZE,8483468,L,193,C,Jiri Kulich
2000-01-13,50.0,2018.0,75,SWE,8480874,L,196,D,Adam Ginning
1998-05-05,85.0,2016.0,72,CAN,8479372,L,193,D,Josh Mahura
1992-10-27,43.0,2011.0,73,USA,8476438,L,207,L,Brandon Saad
1992-01-13,18.0,2010.0,76,USA,8475766,R,203,L,Austin Watson
1991-12-05,12.0,2010.0,74,USA,8475764,L,213,D,Cam Fowler
1997-01-13,1.0,2015.0,73,CAN,8478402,L,194,C,Connor McDavid
1999-07-14,69.0,2017.0,75,CAN,8480025,R,203,R,MacKenzie Entwistle
1997-11-02,53.0,2016.0,72,CZE,8479425,R,190,D,Filip Hronek
2001-12-17,114.0,2020.0,72,FIN,8482451,L,178,L,Mikael Pyyhtia
1996-01-21,40.0,2014.0,76,SWE,8477971,L,200,D,Andreas Englund
1996-08-14,,,72,USA,8481186,R,175,R,Logan O'Connor
1996-08-03,180.0,2015.0,73,CAN,8478147,L,223,L,Bokondji Imama
2001-04-06,6.0,2019.0,74,DEU,8481542,R,210,D,Moritz Seider
2002-02-21,42.0,2020.0,72,CAN,8482146,R,183,R,Luke Evangelista
1984-07-28,17.0,2003.0,71,USA,8470610,L,195,L,Zach Parise
1998-11-12,5.0,2017.0,74,SWE,8480012,L,176,C,Elias Pettersson
1999-01-08,50.0,2017.0,74,CAN,8480031,L,210,L,Maxime Comtois
1992-06-08,,,68,USA,8477839,L,180,L,Conor Sheary
2000-09-15,65.0,2018.0,73,CZE,8480890,L,204,C,Jan Jenik
1989-07-18,129.0,2007.0,75,CAN,8473994,L,210,L,Jamie Benn
2000-03-14,32.0,2018.0,76,USA,8480807,L,229,D,Mattias Samuelsson
1997-03-07,3.0,2015.0,76,CAN,8478440,L,200,C,Dylan Strome
1994-03-26,28.0,2012.0,75,USA,8476869,L,210,D,Brady Skjei
1997-01-25,,,77,CAN,8479026,R,221,D,Philippe Myers
2003-11-10,44.0,2022.0,73,CAN,8483432,L,185,C,Luca Del Bel Belluz
2002-11-05,2.0,2021.0,74,USA,8482665,L,181,C,Matty Beniers
1999-03-31,65.0,2017.0,74,DNK,8480007,L,206,R,Jonas Rondbjerg
1988-06-07,50.0,2006.0,75,CAN,8473473,L,236,L,Milan Lucic
1987-03-30,35.0,2005.0,73,CAN,8471709,L,205,D,Marc-Edouard Vlasic
1999-02-05,137.0,2017.0,74,USA,8480220,L,194,L,Noah Cates
1997-03-07,3.0,2015.0,76,CAN,8478440,L,200,C,Dylan Strome
1996-12-09,17.0,2015.0,73,USA,8478398,L,183,L,Kyle Connor
1997-06-06,117.0,2015.0,73,USA,8478452,L,184,D,Caleb Jones
1996-10-30,91.0,2015.0,74,USA,8478502,L,216,D,Dennis Gilbert
1992-05-06,147.0,2010.0,69,CAN,8475848,R,185,R,Brendan Gallagher
2002-01-10,20.0,2020.0,76,RUS,8482166,L,200,D,Shakir Mukhamadullin
1996-09-13,29.0,2014.0,74,SWE,8477960,L,200,R,Adrian Kempe
1998-10-21,52.0,2018.0,73,CAN,8480434,R,196,D,Sean Durzi
1991-01-16,3.0,2009.0,71,CAN,8475168,L,211,C,Matt Duchene
1996-02-28,,,73,CAN,8478178,R,202,D,Darren Raddysh
2001-04-05,30.0,2019.0,75,USA,8481556,L,220,C,John Beecher
1987-01-13,3.0,2005.0,74,USA,8471677,L,225,D,Jack Johnson
2001-10-27,18.0,2020.0,72,CAN,8482110,R,180,C,Dawson Mercer
1987-11-23,4.0,2006.0,73,SWE,8473563,L,202,C,Nicklas Backstrom
1998-03-17,34.0,2016.0,75,USA,8479369,R,214,D,Andrew Peeke
1994-08-13,63.0,2012.0,76,CAN,8476915,L,212,L,Jujhar Khaira
1996-02-14,9.0,2014.0,72,DNK,8477940,L,168,L,Nikolaj Ehlers
1989-05-08,148.0,2008.0,75,CAN,8474709,L,215,L,Matt Martin
1997-03-17,46.0,2015.0,72,CAN,8478466,R,195,R,Daniel Sprong
1993-10-09,38.0,2012.0,72,CAN,8476858,L,193,L,Phillip Di Giuseppe
1990-12-01,60.0,2009.0,70,SVK,8475193,L,173,L,Tomas Tatar
1996-10-29,56.0,2015.0,72,CAN,8478407,L,200,D,Vince Dunn
1998-08-07,182.0,2018.0,71,USA,8481077,L,192,L,John Leonard
1993-05-31,16.0,2011.0,75,FIN,8476469,R,216,R,Joel Armia
1992-05-08,24.0,2010.0,75,USA,8475763,L,217,R,Kevin Hayes
1994-01-14,156.0,2012.0,72,CAN,8477015,R,184,R,Connor Brown
1992-07-30,,,75,CAN,8477149,R,205,R,Scott Sabourin
1999-03-20,72.0,2019.0,75,USA,8481521,R,208,D,Ronnie Attard
2001-09-20,19.0,2020.0,75,CAN,8482073,R,206,D,Braden Schneider
2001-02-26,5.0,2019.0,71,USA,8481532,L,185,C,Alex Turcotte
1998-06-09,,,76,USA,8482055,L,209,L,Drew O'Connor
2001-06-24,10.0,2019.0,73,RUS,8481617,L,190,R,Vasily Podkolzin
1998-09-18,32.0,2017.0,75,CAN,8479982,R,213,D,Conor Timmins
1990-12-18,2.0,2009.0,79,SWE,8475167,L,244,D,Victor Hedman
1995-03-31,,,72,USA,8480748,R,194,L,Kiefer Sherwood
1998-11-19,87.0,2017.0,73,CAN,8479985,R,204,D,Cale Fleury
2002-08-19,2.0,2020.0,77,CAN,8482124,L,225,R,Quinton Byfield
1992-10-14,34.0,2011.0,76,USA,8476429,R,215,D,Scott Mayfield
1993-05-21,,,74,USA,8479291,L,190,C,Kevin Rooney
1999-11-27,6.0,2018.0,72,CZE,8480821,L,190,R,Filip Zadina
2002-07-09,,,72,CAN,8483012,R,180,C,Logan Morrison
1992-08-10,30.0,2012.0,73,CAN,8476871,L,207,L,Tanner Pearson
1989-06-05,157.0,2008.0,68,USA,8474715,R,178,R,Cam Atkinson
2001-01-21,3.0,2019.0,76,CAN,8481523,R,221,C,Kirby Dach
2002-02-05,60.0,2020.0,75,CAN,8482157,L,212,L,Will Cuylle
1996-03-11,123.0,2015.0,70,USA,8478856,R,165,R,Conor Garland
1997-04-28,85.0,2015.0,73,USA,8478438,L,190,C,Thomas Novak
1995-07-04,29.0,2013.0,74,CAN,8477450,L,200,C,Jason Dickinson
2001-02-13,2.0,2019.0,73,FIN,8481554,L,215,R,Kaapo Kakko
1994-02-18,,,77,CAN,8477527,L,232,L,Ross Johnston
1992-07-17,19.0,2010.0,78,USA,8475760,R,210,C,Nick Bjugstad
1998-02-11,49.0,2016.0,72,USA,8479324,L,194,D,Ryan Lindgren
2002-11-01,40.0,2021.0,74,USA,8482666,R,210,D,Scott Morrow
1999-09-12,,,72,CAN,8481161,L,199,D,Jake Christiansen
1993-02-24,26.0,2011.0,73,CAN,8476479,L,200,C,Phillip Danault
1994-08-16,65.0,2012.0,75,CAN,8476917,L,212,D,Adam Pelech
1994-03-23,81.0,2012.0,75,SWE,8476897,R,210,C,Oskar Sundqvist
1993-06-04,3.0,2011.0,73,CAN,8476456,L,200,L,Jonathan Huberdeau
1991-12-02,157.0,2010.0,73,SWE,8475855,R,191,R,Jesper Fast
1989-02-08,27.0,2007.0,74,CAN,8474090,L,200,D,Brendan Smith
1992-12-21,14.0,2011.0,79,CAN,8476467,L,252,D,Jamie Oleksiak
1990-10-22,94.0,2009.0,73,CAN,8475233,R,235,D,David Savard
1998-11-22,8.0,2017.0,73,USA,8479999,L,205,C,Casey Mittelstadt
2001-10-28,83.0,2020.0,73,USA,8482155,R,205,R,Alex Laferriere
1993-07-11,64.0,2011.0,71,USA,8476389,R,187,C,Vincent Trocheck
2000-10-12,161.0,2019.0,79,SWE,8481726,L,232,C,Adam Edstrom
1996-05-27,98.0,2014.0,74,SWE,8478028,L,190,L,Fredrik Olofsson
2004-10-12,3.0,2023.0,74,CAN,8484166,L,205,C,Adam Fantilli
1998-12-05,34.0,2017.0,78,CAN,8479980,L,245,D,Nicolas Hague
1992-11-22,27.0,2011.0,72,RUS,8476480,L,181,C,Vladislav Namestnikov
1999-04-30,17.0,2017.0,73,SWE,8480043,R,200,D,Timothy Liljegren
1997-12-13,,,69,USA,8481481,L,176,C,Blake Lizotte
2002-02-01,13.0,2020.0,70,CAN,8482093,R,180,C,Seth Jarvis
2002-01-15,3.0,2020.0,72,DEU,8482116,L,187,C,Tim Stützle
1999-10-11,109.0,2019.0,71,USA,8481743,L,188,D,Marc Del Gaizo
1992-12-12,,,69,USA,8478512,R,170,C,Austin Czarnik
1991-07-23,55.0,2009.0,71,RUS,8475200,L,215,D,Dmitry Orlov
1992-03-14,93.0,2012.0,72,SWE,8476979,L,190,D,Erik Gustafsson
1988-09-10,2.0,2006.0,76,CAN,8473533,L,220,C,Jordan Staal
1995-03-28,13.0,2013.0,72,CAN,8477504,L,195,D,Josh Morrissey
1992-09-08,5.0,2010.0,74,CHE,8475799,L,218,R,Nino Niederreiter
1996-11-05,,,76,CZE,8484314,L,209,L,Jiri Smejkal
1998-02-11,49.0,2016.0,72,USA,8479324,L,194,D,Ryan Lindgren
1988-04-23,161.0,2007.0,75,USA,8474034,L,234,L,Patrick Maroon
1996-01-02,210.0,2014.0,75,CAN,8478136,L,219,D,Jake Middleton
1994-08-11,150.0,2012.0,71,CAN,8477021,L,185,C,Alexander Kerfoot
1990-10-01,,,71,CAN,8475413,L,178,C,Justin Dowling
1993-01-08,53.0,2011.0,72,SWE,8476448,L,190,C,William Karlsson
1996-02-20,82.0,2014.0,73,CAN,8478013,L,218,D,Jake Walman
1995-04-28,133.0,2013.0,72,USA,8477365,R,196,D,Connor Clifton
1993-07-11,5.0,2011.0,73,CAN,8476458,R,192,C,Ryan Strome
1996-11-26,37.0,2015.0,77,USA,8478443,R,227,D,Brandon Carlo
1994-11-15,66.0,2013.0,75,USA,8477488,R,206,D,Brett Pesce
1998-03-29,27.0,2016.0,74,CAN,8479353,L,201,C,Brett Howden
1993-07-12,10.0,2011.0,74,SWE,8476463,L,196,D,Jonas Brodin
1989-01-29,14.0,2007.0,72,USA,8474031,R,203,D,Kevin Shattenkirk
1987-01-20,156.0,2005.0,74,CAN,8471817,R,225,R,Ryan Reaves
1992-01-31,2.0,2010.0,74,CAN,8475794,R,205,C,Tyler Seguin
1991-02-22,84.0,2009.0,73,CAN,8475235,L,218,L,Nicolas Deslauriers
2001-02-09,7.0,2019.0,75,CAN,8481528,R,205,C,Dylan Cozens
1995-02-14,74.0,2013.0,75,USA,8477401,R,223,C,John Hayden
1996-10-29,10.0,2015.0,76,FIN,8478420,L,228,R,Mikko Rantanen
1998-05-17,183.0,2018.0,73,USA,8481043,L,207,L,Cole Koepke
1997-06-26,124.0,2015.0,71,CAN,8478451,R,219,D,Ethan Bear
1998-07-11,138.0,2018.0,68,USA,8481070,L,174,L,Hugh McGing
1992-05-01,171.0,2011.0,71,USA,8476323,L,188,L,Max McCormick
1992-03-20,37.0,2010.0,72,USA,8475753,R,208,D,Justin Faulk
1993-02-12,21.0,2011.0,73,USA,8476474,R,205,R,Stefan Noesen
1999-02-18,53.0,2017.0,73,CAN,8480021,R,187,C,Jack Studnicka
1996-09-12,,,75,USA,8482067,L,205,D,Connor Mackey
2001-07-08,34.0,2019.0,68,USA,8481553,R,169,R,Bobby Brink
1996-04-29,,,78,CZE,8482241,L,220,L,Radim Zohorna
1992-02-03,38.0,2010.0,75,USA,8475750,L,204,D,Jon Merrill
2001-01-17,58.0,2020.0,77,USA,8482511,L,218,D,Mason Lohrei
1986-12-23,24.0,2005.0,72,USA,8471698,R,187,R,T.J. Oshie
2000-01-12,150.0,2018.0,73,CAN,8480990,L,205,D,Declan Chisholm
2002-06-29,165.0,2020.0,81,CAN,8482460,R,261,C,Matt Rempe
1998-02-10,147.0,2016.0,73,SWE,8479536,L,189,L,Axel Jonsson-Fjallby
1996-05-12,16.0,2014.0,72,USA,8477947,L,205,L,Sonny Milano
1993-02-26,,,72,USA,8479439,L,204,D,Jacob MacDonald
2000-12-20,40.0,2019.0,69,SWE,8481535,L,185,L,Nils Hoglander
1995-10-03,,,75,RUS,8482245,R,201,D,Artem Zub
2001-02-26,11.0,2019.0,72,SWE,8481599,R,189,D,Victor Soderstrom
1996-02-28,116.0,2016.0,75,CAN,8479587,L,210,C,Rhett Gardner
1988-04-16,7.0,2006.0,72,USA,8473449,R,216,R,Kyle Okposo
1993-03-29,67.0,2011.0,77,USA,8476392,L,210,C,Adam Lowry
1993-06-19,148.0,2013.0,72,USA,8477380,R,206,C,Jonny Brodzinski
1997-01-29,20.0,2015.0,75,SWE,8478493,L,207,C,Joel Eriksson Ek
1987-07-26,95.0,2007.0,73,USA,8474166,L,210,D,Alec Martinez
1995-03-01,194.0,2015.0,74,USA,8478911,R,220,D,Matt Roy
1999-06-04,203.0,2019.0,71,FIN,8481703,R,180,R,Valtteri Puustinen
1990-08-16,53.0,2008.0,73,CAN,8474612,R,193,D,Travis Hamonic
1990-11-13,,,76,CAN,8475455,L,225,D,Brenden Dillon
2000-08-15,8.0,2018.0,72,SWE,8480871,R,195,D,Adam Boqvist
1992-02-20,22.0,2010.0,78,USA,8475797,L,229,D,Jarred Tinordi
1995-03-20,101.0,2013.0,76,CAN,8477426,L,234,L,Nick Paul
1993-12-21,,,72,USA,8480113,L,201,L,Alex Iafallo
1991-09-06,51.0,2009.0,76,USA,8475208,L,214,D,Brian Dumoulin
1987-01-20,156.0,2005.0,74,CAN,8471817,R,225,R,Ryan Reaves
1992-11-22,27.0,2011.0,72,RUS,8476480,L,181,C,Vladislav Namestnikov
2000-03-26,2.0,2018.0,75,RUS,8480830,L,200,R,Andrei Svechnikov
1994-09-13,21.0,2012.0,76,CAN,8476873,L,200,L,Mark Jankowski
2002-01-03,38.0,2020.0,70,USA,8482133,L,180,C,Thomas Bordeleau
1994-05-23,74.0,2012.0,75,FIN,8476902,L,217,D,Esa Lindell
1997-07-26,35.0,2015.0,72,FIN,8478427,L,189,C,Sebastian Aho
1987-01-13,12.0,2005.0,76,CAN,8471686,L,208,D,Marc Staal
1995-03-07,25.0,2013.0,78,USA,8477446,R,232,C,Michael McCarron
1991-08-02,4.0,2009.0,74,CAN,8475169,L,218,L,Evander Kane
1994-10-10,,,74,RUS,8481624,L,192,R,Ilya Mikheyev
2001-09-23,9.0,2020.0,69,AUT,8482079,L,182,C,Marco Rossi
2000-10-14,98.0,2019.0,71,FIN,8481711,L,187,L,Matias Maccelli
2001-09-23,14.0,2020.0,73,CAN,8482077,L,207,L,Dylan Holloway
1996-10-27,53.0,2015.0,73,SWE,8478397,R,202,D,Rasmus Andersson
1999-12-07,,,75,SVK,8483630,L,215,L,Pavol Regenda
1990-10-06,7.0,2009.0,72,CAN,8475172,L,185,C,Nazem Kadri
2002-10-12,7.0,2021.0,70,SWE,8482667,L,185,L,William Eklund
1996-02-04,,,71,RUS,8483808,R,194,L,Andrei Kuzmenko
2002-02-01,37.0,2021.0,74,USA,8482659,R,198,R,Josh Doan
1991-07-16,,,72,USA,8477220,L,197,D,Nate Schmidt
